id,title,title_he,description,description_he,image_url,start_date,end_date,price,single_supplement_price,max_capacity,spots_left,status,difficulty_level,country_id,guide_id,trip_type_id
1,Discover Bosnia and Herzegovina,בוסניה והרצגובינה – מסע חלומות,Explore the wonders of Bosnia and Herzegovina. An unforgettable journey awaits.,מסע היסטורי מעמיק בין ערים עתיקות ואתרי מורשת עולמית.,,2026-09-04,2026-09-13,7420.00,1216.61,25,17,Open,2,114,21,1
2,Discover Scotland,סקוטלנד: טבע ותרבות,Explore the wonders of Scotland. An unforgettable journey awaits.,מסע היסטורי מעמיק בין ערים עתיקות ואתרי מורשת עולמית.,,2027-06-07,2027-06-16,12430.00,2477.94,30,1,Last Places,1,47,8,1
3,Discover Romania,אוצרות רומניה,Explore the wonders of Romania. An unforgettable journey awaits.,מסע היסטורי מעמיק בין ערים עתיקות ואתרי מורשת עולמית.,,2026-07-29,2026-08-15,14200.00,3544.49,24,8,Open,1,77,3,1
4,Discover Azerbaijan,אזרבייג'ן – מסע חלומות,Explore the wonders of Azerbaijan. An unforgettable journey awaits.,גלו את קסמה של תרבות עתיקה ששרדה אלפי שנים. בין מקדשים מפוארים וטבע בראשיתי.,,2027-02-10,2027-03-07,8960.00,1443.95,20,5,Last Places,1,97,9,1
5,Discover Slovenia,סלובניה המרתקת,Explore the wonders of Slovenia. An unforgettable journey awaits.,"מסע תרבותי מרתק בין ארמונות מפוארים, כנסיות גותיות ומוזיאונים עשירים.",,2027-04-03,2027-04-28,8110.00,1899.09,24,19,Guaranteed,1,65,4,1
6,Discover Italy,גלה את איטליה,Explore the wonders of Italy. An unforgettable journey awaits.,"מסע תרבותי מרתק בין ארמונות מפוארים, כנסיות גותיות ומוזיאונים עשירים.",,2026-01-22,2026-01-30,9430.00,2243.13,30,25,Open,2,42,16,1
7,Discover Mont Blanc,אוצרות מון בלאן,Explore the wonders of Mont Blanc. An unforgettable journey awaits.,"גלו את קסמה של היבשת העתיקה: אדריכלות מרהיבה, אמנות מופתית וקולינריה מעודנת.",,2026-02-25,2026-03-25,11950.00,2767.65,30,17,Guaranteed,1,122,3,1
8,Discover Armenia,הרפתקה בארמניה,Explore the wonders of Armenia. An unforgettable journey awaits.,מסע היסטורי מעמיק בין ערים עתיקות ואתרי מורשת עולמית.,,2026-08-17,2026-08-28,13040.00,2940.87,25,6,Open,2,112,20,1
9,Discover Latvia,גלה את לטביה,Explore the wonders of Latvia. An unforgettable journey awaits.,"מסע תרבותי מרתק בין ארמונות מפוארים, כנסיות גותיות ומוזיאונים עשירים.",,2026-05-19,2026-05-31,3310.00,608.41,24,17,Guaranteed,3,58,4,1
10,Discover Ethiopia,גלה את אתיופיה,Explore the wonders of Ethiopia. An unforgettable journey awaits.,"גלו את קסם המדבר האפריקאי, דיונות זהב אינסופיות ושקיעות עוצרות נשימה.",,2027-04-21,2027-04-27,8760.00,1376.07,15,8,Open,2,30,3,1
11,Discover Tunisia,הרפתקה בתוניסיה,Explore the wonders of Tunisia. An unforgettable journey awaits.,"חוויה אפריקאית אמיתית: בין סוואנות אינסופיות, חיות בר מרהיבות ותרבויות שבטיות עתיקות.",,2027-03-02,2027-03-20,5890.00,939.06,25,13,Last Places,2,32,16,1
12,Discover Malaysia,הרפתקה במלזיה,Explore the wonders of Malaysia. An unforgettable journey awaits.,"מסע צבעוני בלב המזרח הקסום, בין טרסות אורז, כפרים מסורתיים ונופים עוצרי נשימה.",,2027-01-20,2027-02-04,4230.00,739.68,15,14,Open,1,8,13,1
13,Discover Armenia,גלה את ארמניה,Explore the wonders of Armenia. An unforgettable journey awaits.,"מסע תרבותי מרתק בין ארמונות מפוארים, כנסיות גותיות ומוזיאונים עשירים.",,2026-08-27,2026-09-26,13270.00,2120.42,25,17,Guaranteed,1,112,3,1
14,Discover Senegal,הרפתקה בסנגל,Explore the wonders of Senegal. An unforgettable journey awaits.,"גלו את קסם המדבר האפריקאי, דיונות זהב אינסופיות ושקיעות עוצרות נשימה.",,2027-04-20,2027-04-26,5370.00,1009.01,20,8,Last Places,2,28,13,1
15,Discover Samoa,הקסם של סמואה,Explore the wonders of Samoa. An unforgettable journey awaits.,מסע חד פעמי בין איים וחלומות – שייט מרהיב לגן העדן הטרופי.,,2027-05-23,2027-05-29,13860.00,3098.73,12,11,Open,2,38,7,1
16,Discover Slovakia,פלאי סלובקיה,Explore the wonders of Slovakia. An unforgettable journey awaits.,"מסע תרבותי מרתק בין ארמונות מפוארים, כנסיות גותיות ומוזיאונים עשירים.",,2027-03-24,2027-04-03,3400.00,712.31,25,7,Last Places,1,66,3,1
17,Discover Cambodia,קמבודיה המרתקת,Explore the wonders of Cambodia. An unforgettable journey awaits.,"מסע צבעוני בלב המזרח הקסום, בין טרסות אורז, כפרים מסורתיים ונופים עוצרי נשימה.",,2026-12-15,2027-01-07,13570.00,2744.92,18,6,Open,3,11,14,1
18,Discover Costa Rica,פלאי קוסטה ריקה,Explore the wonders of Costa Rica. An unforgettable journey awaits.,"טרופי קריבי: חופים לבנים, מים טורקיז ושונית אלמוגים צבעונית.",,2026-06-15,2026-07-04,8470.00,2057.38,12,0,Full,2,86,21,1
19,Discover Serbia,חוויה של פעם בחיים בסרביה,Explore the wonders of Serbia. An unforgettable journey awaits.,"מסע תרבותי מרתק בין ארמונות מפוארים, כנסיות גותיות ומוזיאונים עשירים.",,2026-09-29,2026-10-12,4710.00,1146.07,12,3,Last Places,2,69,7,1
20,Discover Switzerland,חוויה של פעם בחיים בשוויץ,Explore the wonders of Switzerland. An unforgettable journey awaits.,"מסע תרבותי מרתק בין ארמונות מפוארים, כנסיות גותיות ומוזיאונים עשירים.",,2026-10-10,2026-10-15,13350.00,2402.17,25,3,Last Places,1,79,21,1
21,Discover Morocco,חוויה של פעם בחיים במרוקו,Explore the wonders of Morocco. An unforgettable journey awaits.,"מסע אל הלב הפועם של היבשת הפראית. ספארי מרהיב, שקיעות אדומות ועולם חי עשיר.",,2026-06-06,2026-06-30,6310.00,1399.31,15,8,Open,2,20,9,1
22,Discover North Korea,סיור מעמיק בצפון קוריאה,Explore the wonders of North Korea. An unforgettable journey awaits.,גלו את קסמה של תרבות עתיקה ששרדה אלפי שנים. בין מקדשים מפוארים וטבע בראשיתי.,,2026-02-04,2026-02-09,8830.00,2005.40,25,8,Guaranteed,3,107,9,1
23,Discover Sri Lanka,סרי לנקה: טבע ותרבות,Explore the wonders of Sri Lanka. An unforgettable journey awaits.,"מסע מעמיק אל הלב, הרוח, הטעמים והצבעים של תת-היבשת המרתקת.",,2027-04-20,2027-04-29,13170.00,2022.95,18,18,Open,3,10,23,1
24,Discover New Caledonia,קלדוניה החדשה המרתקת,Explore the wonders of New Caledonia. An unforgettable journey awaits.,"גלו את ניו זילנד הקסומה: פיורדים כחולים, הרים מושלגים וגייזרים מפעפעים.",,2027-04-18,2027-05-18,2810.00,674.10,15,7,Open,1,40,12,1
25,Discover Crete,כרתים ואיי יוון המרתקת,Explore the wonders of Crete. An unforgettable journey awaits.,"גלו את קסמה של היבשת העתיקה: אדריכלות מרהיבה, אמנות מופתית וקולינריה מעודנת.",,2027-03-31,2027-04-10,5620.00,1338.36,12,2,Last Places,3,119,8,1
26,Discover Tajikistan,חוויה של פעם בחיים בטג'יקיסטן,Explore the wonders of Tajikistan. An unforgettable journey awaits.,"מסע צבעוני בלב המזרח הקסום, בין טרסות אורז, כפרים מסורתיים ונופים עוצרי נשימה.",,2026-03-09,2026-03-26,2790.00,658.05,15,6,Last Places,2,101,23,1
27,Discover Cuba,קובה: מסע בלתי נשכח,Explore the wonders of Cuba. An unforgettable journey awaits.,"מסע אל הטבע הצפון-אמריקאי: בין יערות ירוקים, אגמים צלולים והרים מושלגים.",,2026-08-05,2026-08-20,7700.00,1820.55,30,8,Last Places,3,85,7,1
28,Discover Mongolia,מונגוליה המרתקת,Explore the wonders of Mongolia. An unforgettable journey awaits.,"מסע מעמיק אל הלב, הרוח, הטעמים והצבעים של תת-היבשת המרתקת.",,2026-04-14,2026-05-07,7430.00,1142.93,24,13,Last Places,3,15,9,1
29,Discover Greenland,גרינלנד – מסע חלומות,Explore the wonders of Greenland. An unforgettable journey awaits.,מסע היסטורי מעמיק בין ערים עתיקות ואתרי מורשת עולמית.,,2026-04-20,2026-05-03,2900.00,640.55,12,8,Open,3,116,19,1
30,Discover Nepal,חוויה של פעם בחיים בנפאל,Explore the wonders of Nepal. An unforgettable journey awaits.,גלו את קסמה של תרבות עתיקה ששרדה אלפי שנים. בין מקדשים מפוארים וטבע בראשיתי.,,2027-04-29,2027-05-14,14760.00,2677.34,30,3,Last Places,3,9,22,1
31,Discover Holland,הולנד: טבע ותרבות,Explore the wonders of Holland. An unforgettable journey awaits.,מסע היסטורי מעמיק בין ערים עתיקות ואתרי מורשת עולמית.,,2026-06-13,2026-07-05,4600.00,778.25,25,12,Open,3,52,23,1
32,Discover North Korea,סיור מעמיק בצפון קוריאה,Explore the wonders of North Korea. An unforgettable journey awaits.,"מסע מעמיק אל הלב, הרוח, הטעמים והצבעים של תת-היבשת המרתקת.",,2026-06-17,2026-07-01,6300.00,1215.83,24,19,Open,2,107,1,1
33,Discover Tibet,טיבט המרתקת,Explore the wonders of Tibet. An unforgettable journey awaits.,"מסע צבעוני בלב המזרח הקסום, בין טרסות אורז, כפרים מסורתיים ונופים עוצרי נשימה.",,2026-04-09,2026-05-05,3730.00,665.35,25,20,Open,3,102,24,1
34,Discover Ghana,סיור מעמיק בגאנה,Explore the wonders of Ghana. An unforgettable journey awaits.,"חוויה אפריקאית אמיתית: בין סוואנות אינסופיות, חיות בר מרהיבות ותרבויות שבטיות עתיקות.",,2026-03-29,2026-04-03,2940.00,512.98,20,19,Open,1,29,7,1
35,Discover Sicily,הרפתקה בסיציליה,Explore the wonders of Sicily. An unforgettable journey awaits.,"מסע תרבותי מרתק בין ארמונות מפוארים, כנסיות גותיות ומוזיאונים עשירים.",,2026-05-17,2026-05-26,2110.00,504.85,30,24,Open,1,64,13,1
36,Discover Montenegro,מונטנגרו: מסע בלתי נשכח,Explore the wonders of Montenegro. An unforgettable journey awaits.,מסע היסטורי מעמיק בין ערים עתיקות ואתרי מורשת עולמית.,,2026-10-25,2026-11-06,4480.00,876.49,30,14,Open,3,60,2,1
37,Discover Thailand,אוצרות תאילנד,Explore the wonders of Thailand. An unforgettable journey awaits.,"מסע צבעוני בלב המזרח הקסום, בין טרסות אורז, כפרים מסורתיים ונופים עוצרי נשימה.",,2027-01-28,2027-02-17,11210.00,1972.05,15,8,Open,2,3,6,2
38,Discover Italy,גלה את איטליה,Explore the wonders of Italy. An unforgettable journey awaits.,"גלו את קסמה של היבשת העתיקה: אדריכלות מרהיבה, אמנות מופתית וקולינריה מעודנת.",,2026-06-01,2026-06-16,8540.00,2043.64,12,2,Last Places,1,42,8,2
39,Discover Japan,פלאי יפן,Explore the wonders of Japan. An unforgettable journey awaits.,גלו את קסמה של תרבות עתיקה ששרדה אלפי שנים. בין מקדשים מפוארים וטבע בראשיתי.,,2026-07-01,2026-07-23,11540.00,2210.80,15,13,Open,2,2,14,2
40,Discover Japan,יפן: מסע בלתי נשכח,Explore the wonders of Japan. An unforgettable journey awaits.,גלו את קסמה של תרבות עתיקה ששרדה אלפי שנים. בין מקדשים מפוארים וטבע בראשיתי.,,2026-01-16,2026-02-01,8110.00,1827.57,30,28,Open,2,2,16,2
41,Discover Spain,ספרד – מסע חלומות,Explore the wonders of Spain. An unforgettable journey awaits.,"מסע תרבותי מרתק בין ארמונות מפוארים, כנסיות גותיות ומוזיאונים עשירים.",,2026-08-24,2026-09-13,2590.00,489.21,25,21,Open,2,67,9,2
42,Discover Japan,יפן: טבע ותרבות,Explore the wonders of Japan. An unforgettable journey awaits.,"מסע צבעוני בלב המזרח הקסום, בין טרסות אורז, כפרים מסורתיים ונופים עוצרי נשימה.",,2026-10-28,2026-11-23,2550.00,403.91,20,4,Last Places,2,2,19,2
43,Discover Spain,סיור מעמיק בספרד,Explore the wonders of Spain. An unforgettable journey awaits.,"מסע תרבותי מרתק בין ארמונות מפוארים, כנסיות גותיות ומוזיאונים עשירים.",,2026-06-29,2026-07-14,9760.00,1735.58,30,13,Last Places,1,67,15,2
44,Discover Spain,ספרד: טבע ותרבות,Explore the wonders of Spain. An unforgettable journey awaits.,"מסע תרבותי מרתק בין ארמונות מפוארים, כנסיות גותיות ומוזיאונים עשירים.",,2026-02-17,2026-03-18,2820.00,635.69,15,6,Guaranteed,3,67,21,2
45,Discover Bolivia,פלאי בוליביה,Explore the wonders of Bolivia. An unforgettable journey awaits.,טרק מרגש בין פסגות האנדים המושלגות ושרידי תרבות האינקה העתיקה.,,2027-05-13,2027-05-24,11520.00,2533.78,30,11,Guaranteed,3,90,19,2
46,Discover Bolivia,מסע אל מעמקי בוליביה,Explore the wonders of Bolivia. An unforgettable journey awaits.,טרק מרגש בין פסגות האנדים המושלגות ושרידי תרבות האינקה העתיקה.,,2026-01-26,2026-02-09,13790.00,3002.56,20,12,Open,1,90,19,2
47,Discover Italy,איטליה: מסע בלתי נשכח,Explore the wonders of Italy. An unforgettable journey awaits.,"גלו את קסמה של היבשת העתיקה: אדריכלות מרהיבה, אמנות מופתית וקולינריה מעודנת.",,2026-11-16,2026-12-16,4470.00,1026.41,24,1,Last Places,2,42,22,2
48,Discover India,הרפתקה בהודו,Explore the wonders of India. An unforgettable journey awaits.,"מסע צבעוני בלב המזרח הקסום, בין טרסות אורז, כפרים מסורתיים ונופים עוצרי נשימה.",,2027-03-23,2027-04-10,12030.00,1931.46,18,14,Open,1,1,1,2
49,Discover Mexico,מסע אל מעמקי מקסיקו,Explore the wonders of Mexico. An unforgettable journey awaits.,"מסע אל הטבע הצפון-אמריקאי: בין יערות ירוקים, אגמים צלולים והרים מושלגים.",,2026-09-17,2026-10-06,10920.00,2539.70,24,8,Last Places,1,83,25,2
50,Discover Cuba,גלה את קובה,Explore the wonders of Cuba. An unforgettable journey awaits.,"מסע אל הטבע הצפון-אמריקאי: בין יערות ירוקים, אגמים צלולים והרים מושלגים.",,2026-12-21,2027-01-07,8880.00,1357.49,30,10,Guaranteed,2,85,20,2
51,Discover Cuba,קובה – מסע חלומות,Explore the wonders of Cuba. An unforgettable journey awaits.,"מסע אל הטבע הצפון-אמריקאי: בין יערות ירוקים, אגמים צלולים והרים מושלגים.",,2027-04-08,2027-04-21,13380.00,2020.58,15,2,Last Places,1,85,23,2
52,Discover Thailand,הרפתקה בתאילנד,Explore the wonders of Thailand. An unforgettable journey awaits.,גלו את קסמה של תרבות עתיקה ששרדה אלפי שנים. בין מקדשים מפוארים וטבע בראשיתי.,,2027-01-12,2027-02-01,11170.00,2561.21,12,4,Last Places,1,3,21,2
53,Discover Cuba,קובה – מסע חלומות,Explore the wonders of Cuba. An unforgettable journey awaits.,"מסע אל הטבע הצפון-אמריקאי: בין יערות ירוקים, אגמים צלולים והרים מושלגים.",,2026-09-12,2026-10-04,12870.00,2372.92,25,17,Last Places,2,85,12,2
54,Discover Spain,ספרד: טבע ותרבות,Explore the wonders of Spain. An unforgettable journey awaits.,"מסע תרבותי מרתק בין ארמונות מפוארים, כנסיות גותיות ומוזיאונים עשירים.",,2027-01-17,2027-01-28,8460.00,1370.14,24,24,Open,3,67,4,2
55,Discover Italy,גלה את איטליה,Explore the wonders of Italy. An unforgettable journey awaits.,"גלו את קסמה של היבשת העתיקה: אדריכלות מרהיבה, אמנות מופתית וקולינריה מעודנת.",,2026-11-10,2026-12-09,12740.00,2671.31,12,3,Last Places,2,42,24,2
56,Discover Brazil,ברזיל: טבע ותרבות,Explore the wonders of Brazil. An unforgettable journey awaits.,טרק מרגש בין פסגות האנדים המושלגות ושרידי תרבות האינקה העתיקה.,,2026-10-13,2026-10-22,7610.00,1176.14,12,8,Last Places,3,91,23,2
57,Discover Cuba,מסע אל מעמקי קובה,Explore the wonders of Cuba. An unforgettable journey awaits.,"גלו את יופי המערב הפראי: קניונים אדומים, נופים אינסופיים ופארקים לאומיים מרהיבים.",,2026-09-10,2026-09-30,11020.00,2028.46,12,4,Last Places,2,85,10,2
58,Discover Cuba,מסע אל מעמקי קובה,Explore the wonders of Cuba. An unforgettable journey awaits.,"טרופי קריבי: חופים לבנים, מים טורקיז ושונית אלמוגים צבעונית.",,2026-12-30,2027-01-05,5100.00,841.09,24,9,Guaranteed,1,85,21,2
59,Discover Mexico,הקסם של מקסיקו,Explore the wonders of Mexico. An unforgettable journey awaits.,"טרופי קריבי: חופים לבנים, מים טורקיז ושונית אלמוגים צבעונית.",,2026-08-31,2026-09-19,8080.00,1907.01,20,9,Open,3,83,13,2
60,Discover Spain,הקסם של ספרד,Explore the wonders of Spain. An unforgettable journey awaits.,"גלו את קסמה של היבשת העתיקה: אדריכלות מרהיבה, אמנות מופתית וקולינריה מעודנת.",,2026-12-17,2026-12-24,5210.00,906.47,24,2,Last Places,1,67,9,2
61,Discover Italy,גלה את איטליה,Explore the wonders of Italy. An unforgettable journey awaits.,"גלו את קסמה של היבשת העתיקה: אדריכלות מרהיבה, אמנות מופתית וקולינריה מעודנת.",,2026-05-11,2026-05-25,7790.00,1716.13,20,2,Last Places,3,42,2,2
62,Discover Bolivia,הקסם של בוליביה,Explore the wonders of Bolivia. An unforgettable journey awaits.,"הרפתקה של פעם בחיים ביבשת הססגונית – טבע פראי, תרבויות מרתקות וערים תוססות.",,2026-05-08,2026-06-02,5050.00,1216.25,30,4,Last Places,1,90,18,2
63,Discover Thailand,סיור מעמיק בתאילנד,Explore the wonders of Thailand. An unforgettable journey awaits.,"מסע מעמיק אל הלב, הרוח, הטעמים והצבעים של תת-היבשת המרתקת.",,2026-09-09,2026-10-06,8220.00,1808.18,18,16,Open,3,3,4,2
64,Discover Brazil,פלאי ברזיל,Explore the wonders of Brazil. An unforgettable journey awaits.,טרק מרגש בין פסגות האנדים המושלגות ושרידי תרבות האינקה העתיקה.,,2027-01-24,2027-02-08,14360.00,2513.53,12,3,Last Places,3,91,14,2
65,Discover Cuba,פלאי קובה,Explore the wonders of Cuba. An unforgettable journey awaits.,"מסע אל הטבע הצפון-אמריקאי: בין יערות ירוקים, אגמים צלולים והרים מושלגים.",,2027-02-07,2027-03-08,5580.00,1099.54,25,14,Last Places,1,85,2,2
66,Discover India,חוויה של פעם בחיים בהודו,Explore the wonders of India. An unforgettable journey awaits.,גלו את קסמה של תרבות עתיקה ששרדה אלפי שנים. בין מקדשים מפוארים וטבע בראשיתי.,,2026-07-02,2026-07-17,4140.00,976.10,18,13,Open,2,1,14,2
67,Discover Thailand,אוצרות תאילנד,Explore the wonders of Thailand. An unforgettable journey awaits.,גלו את קסמה של תרבות עתיקה ששרדה אלפי שנים. בין מקדשים מפוארים וטבע בראשיתי.,,2026-06-23,2026-07-06,8620.00,1392.92,30,12,Open,1,3,3,2
68,Discover Spain,חוויה של פעם בחיים בספרד,Explore the wonders of Spain. An unforgettable journey awaits.,מסע היסטורי מעמיק בין ערים עתיקות ואתרי מורשת עולמית.,,2026-07-17,2026-08-10,12200.00,2593.00,30,1,Last Places,1,67,17,2
69,Discover Thailand,חוויה של פעם בחיים בתאילנד,Explore the wonders of Thailand. An unforgettable journey awaits.,גלו את קסמה של תרבות עתיקה ששרדה אלפי שנים. בין מקדשים מפוארים וטבע בראשיתי.,,2026-09-18,2026-09-26,2590.00,640.55,24,7,Open,1,3,23,2
70,Discover Japan,יפן – מסע חלומות,Explore the wonders of Japan. An unforgettable journey awaits.,"מסע מעמיק אל הלב, הרוח, הטעמים והצבעים של תת-היבשת המרתקת.",,2026-05-08,2026-05-16,11450.00,2801.88,25,4,Last Places,2,2,3,2
71,Discover Thailand,מסע אל מעמקי תאילנד,Explore the wonders of Thailand. An unforgettable journey awaits.,"מסע מעמיק אל הלב, הרוח, הטעמים והצבעים של תת-היבשת המרתקת.",,2026-09-03,2026-09-25,4960.00,934.26,24,16,Open,1,3,8,2
72,Discover Brazil,ברזיל: מסע בלתי נשכח,Explore the wonders of Brazil. An unforgettable journey awaits.,"מסע אל לב יער הגשם האמזוני, בין עצים עתיקים וחיות בר נדירות.",,2027-01-19,2027-02-02,14020.00,2916.05,25,15,Guaranteed,2,91,10,2
73,Discover Thailand,תאילנד המרתקת,Explore the wonders of Thailand. An unforgettable journey awaits.,גלו את קסמה של תרבות עתיקה ששרדה אלפי שנים. בין מקדשים מפוארים וטבע בראשיתי.,,2027-04-03,2027-04-14,6890.00,1427.47,15,13,Open,1,3,11,2
74,Discover Peru,מסע אל מעמקי פרו,Explore the wonders of Peru. An unforgettable journey awaits.,טרק מרגש בין פסגות האנדים המושלגות ושרידי תרבות האינקה העתיקה.,,2027-05-21,2027-05-27,4580.00,917.05,24,10,Guaranteed,2,92,16,2
75,Discover Rwanda,הרפתקה ברואנדה,Explore the wonders of Rwanda. An unforgettable journey awaits.,"גלו את קסם המדבר האפריקאי, דיונות זהב אינסופיות ושקיעות עוצרות נשימה.",,2027-05-24,2027-06-02,3530.00,695.23,18,10,Open,3,23,21,3
76,Discover Rwanda,רואנדה: מסע בלתי נשכח,Explore the wonders of Rwanda. An unforgettable journey awaits.,"מסע אל הלב הפועם של היבשת הפראית. ספארי מרהיב, שקיעות אדומות ועולם חי עשיר.",,2027-03-28,2027-04-19,9780.00,2400.15,25,22,Open,2,23,22,3
77,Discover Tanzania,טנזניה: טבע ותרבות,Explore the wonders of Tanzania. An unforgettable journey awaits.,"גלו את קסם המדבר האפריקאי, דיונות זהב אינסופיות ושקיעות עוצרות נשימה.",,2026-02-28,2026-03-18,4010.00,906.41,25,3,Last Places,2,19,24,3
78,Discover South Africa,אוצרות דרום אפריקה,Explore the wonders of South Africa. An unforgettable journey awaits.,"מסע אל הלב הפועם של היבשת הפראית. ספארי מרהיב, שקיעות אדומות ועולם חי עשיר.",,2026-06-12,2026-06-28,9670.00,1866.97,15,13,Open,3,17,2,3
79,Discover Kenya,גלה את קניה,Explore the wonders of Kenya. An unforgettable journey awaits.,"חוויה אפריקאית אמיתית: בין סוואנות אינסופיות, חיות בר מרהיבות ותרבויות שבטיות עתיקות.",,2027-04-03,2027-04-20,14690.00,3207.02,20,18,Open,1,18,20,3
80,Discover Uganda,סיור מעמיק באוגנדה,Explore the wonders of Uganda. An unforgettable journey awaits.,"חוויה אפריקאית אמיתית: בין סוואנות אינסופיות, חיות בר מרהיבות ותרבויות שבטיות עתיקות.",,2027-04-18,2027-05-18,11520.00,2766.19,25,17,Guaranteed,1,22,1,3
81,Discover Uganda,הרפתקה באוגנדה,Explore the wonders of Uganda. An unforgettable journey awaits.,"גלו את קסם המדבר האפריקאי, דיונות זהב אינסופיות ושקיעות עוצרות נשימה.",,2026-09-03,2026-09-17,6070.00,1517.12,30,15,Guaranteed,1,22,9,3
82,Discover South Africa,הקסם של דרום אפריקה,Explore the wonders of South Africa. An unforgettable journey awaits.,"גלו את קסם המדבר האפריקאי, דיונות זהב אינסופיות ושקיעות עוצרות נשימה.",,2027-05-28,2027-06-23,10100.00,1792.23,24,21,Open,3,17,1,3
83,Discover Botswana,אוצרות בוטסואנה,Explore the wonders of Botswana. An unforgettable journey awaits.,"גלו את קסם המדבר האפריקאי, דיונות זהב אינסופיות ושקיעות עוצרות נשימה.",,2026-05-05,2026-05-30,5890.00,1249.20,25,24,Open,3,26,12,3
84,Discover Uganda,חוויה של פעם בחיים באוגנדה,Explore the wonders of Uganda. An unforgettable journey awaits.,"חוויה אפריקאית אמיתית: בין סוואנות אינסופיות, חיות בר מרהיבות ותרבויות שבטיות עתיקות.",,2026-02-02,2026-02-16,11020.00,1689.77,18,4,Last Places,1,22,21,3
85,Discover Tanzania,חוויה של פעם בחיים בטנזניה,Explore the wonders of Tanzania. An unforgettable journey awaits.,"גלו את קסם המדבר האפריקאי, דיונות זהב אינסופיות ושקיעות עוצרות נשימה.",,2027-04-06,2027-04-22,12870.00,2576.31,18,5,Last Places,2,19,18,3
86,Discover Kenya,הרפתקה בקניה,Explore the wonders of Kenya. An unforgettable journey awaits.,"מסע אל הלב הפועם של היבשת הפראית. ספארי מרהיב, שקיעות אדומות ועולם חי עשיר.",,2027-02-03,2027-02-15,10130.00,2499.34,30,17,Last Places,1,18,5,3
87,Discover South Africa,אוצרות דרום אפריקה,Explore the wonders of South Africa. An unforgettable journey awaits.,"מסע אל הלב הפועם של היבשת הפראית. ספארי מרהיב, שקיעות אדומות ועולם חי עשיר.",,2027-01-31,2027-02-26,7360.00,1534.24,30,20,Last Places,1,17,22,3
88,Discover Botswana,אוצרות בוטסואנה,Explore the wonders of Botswana. An unforgettable journey awaits.,"חוויה אפריקאית אמיתית: בין סוואנות אינסופיות, חיות בר מרהיבות ותרבויות שבטיות עתיקות.",,2027-04-26,2027-05-20,6530.00,1402.42,25,14,Open,2,26,11,3
89,Discover Kenya,סיור מעמיק בקניה,Explore the wonders of Kenya. An unforgettable journey awaits.,"חוויה אפריקאית אמיתית: בין סוואנות אינסופיות, חיות בר מרהיבות ותרבויות שבטיות עתיקות.",,2026-06-17,2026-07-07,4370.00,697.97,24,4,Last Places,2,18,2,3
90,Discover Namibia,נמיביה המרתקת,Explore the wonders of Namibia. An unforgettable journey awaits.,"מסע אל הלב הפועם של היבשת הפראית. ספארי מרהיב, שקיעות אדומות ועולם חי עשיר.",,2026-03-04,2026-03-24,14600.00,2785.85,18,1,Last Places,3,25,21,3
91,Discover Rwanda,חוויה של פעם בחיים ברואנדה,Explore the wonders of Rwanda. An unforgettable journey awaits.,"מסע אל הלב הפועם של היבשת הפראית. ספארי מרהיב, שקיעות אדומות ועולם חי עשיר.",,2026-03-04,2026-03-30,9520.00,1946.33,25,11,Guaranteed,2,23,12,3
92,Discover Kenya,גלה את קניה,Explore the wonders of Kenya. An unforgettable journey awaits.,"מסע אל הלב הפועם של היבשת הפראית. ספארי מרהיב, שקיעות אדומות ועולם חי עשיר.",,2026-05-01,2026-05-26,14220.00,3513.89,12,12,Open,2,18,22,3
93,Discover Botswana,הקסם של בוטסואנה,Explore the wonders of Botswana. An unforgettable journey awaits.,"חוויה אפריקאית אמיתית: בין סוואנות אינסופיות, חיות בר מרהיבות ותרבויות שבטיות עתיקות.",,2027-03-05,2027-03-17,8720.00,1983.25,30,28,Open,3,26,7,3
94,Discover Botswana,בוטסואנה המרתקת,Explore the wonders of Botswana. An unforgettable journey awaits.,"מסע אל הלב הפועם של היבשת הפראית. ספארי מרהיב, שקיעות אדומות ועולם חי עשיר.",,2027-02-25,2027-03-07,4250.00,918.45,12,2,Last Places,1,26,9,3
95,Discover South Africa,סיור מעמיק בדרום אפריקה,Explore the wonders of South Africa. An unforgettable journey awaits.,"חוויה אפריקאית אמיתית: בין סוואנות אינסופיות, חיות בר מרהיבות ותרבויות שבטיות עתיקות.",,2026-03-18,2026-04-15,10620.00,2151.70,25,2,Last Places,2,17,2,3
96,Discover Botswana,סיור מעמיק בבוטסואנה,Explore the wonders of Botswana. An unforgettable journey awaits.,"חוויה אפריקאית אמיתית: בין סוואנות אינסופיות, חיות בר מרהיבות ותרבויות שבטיות עתיקות.",,2027-01-20,2027-02-19,12670.00,2282.67,25,0,Full,1,26,2,3
97,Discover Uganda,פלאי אוגנדה,Explore the wonders of Uganda. An unforgettable journey awaits.,"גלו את קסם המדבר האפריקאי, דיונות זהב אינסופיות ושקיעות עוצרות נשימה.",,2026-02-19,2026-02-26,8590.00,1811.03,12,2,Last Places,2,22,15,3
98,Discover Namibia,נמיביה: מסע בלתי נשכח,Explore the wonders of Namibia. An unforgettable journey awaits.,"גלו את קסם המדבר האפריקאי, דיונות זהב אינסופיות ושקיעות עוצרות נשימה.",,2026-11-18,2026-12-06,4030.00,924.12,12,10,Open,3,25,17,3
99,Discover Namibia,הרפתקה בנמיביה,Explore the wonders of Namibia. An unforgettable journey awaits.,"חוויה אפריקאית אמיתית: בין סוואנות אינסופיות, חיות בר מרהיבות ותרבויות שבטיות עתיקות.",,2026-08-12,2026-08-27,11280.00,2141.77,25,3,Last Places,2,25,8,3
100,Discover Uganda,אוגנדה המרתקת,Explore the wonders of Uganda. An unforgettable journey awaits.,"מסע אל הלב הפועם של היבשת הפראית. ספארי מרהיב, שקיעות אדומות ועולם חי עשיר.",,2026-02-16,2026-02-23,3740.00,595.87,12,11,Open,3,22,16,3
101,Discover Uganda,פלאי אוגנדה,Explore the wonders of Uganda. An unforgettable journey awaits.,"חוויה אפריקאית אמיתית: בין סוואנות אינסופיות, חיות בר מרהיבות ותרבויות שבטיות עתיקות.",,2026-08-11,2026-08-27,10660.00,2524.39,25,1,Last Places,2,22,4,3
102,Discover Botswana,מסע אל מעמקי בוטסואנה,Explore the wonders of Botswana. An unforgettable journey awaits.,"חוויה אפריקאית אמיתית: בין סוואנות אינסופיות, חיות בר מרהיבות ותרבויות שבטיות עתיקות.",,2026-04-02,2026-04-28,11870.00,2046.68,12,5,Open,2,26,7,3
103,Discover Botswana,הקסם של בוטסואנה,Explore the wonders of Botswana. An unforgettable journey awaits.,"מסע אל הלב הפועם של היבשת הפראית. ספארי מרהיב, שקיעות אדומות ועולם חי עשיר.",,2027-03-13,2027-04-09,7470.00,1142.13,18,9,Last Places,2,26,22,3
104,Discover Kenya,סיור מעמיק בקניה,Explore the wonders of Kenya. An unforgettable journey awaits.,"חוויה אפריקאית אמיתית: בין סוואנות אינסופיות, חיות בר מרהיבות ותרבויות שבטיות עתיקות.",,2027-01-27,2027-02-21,2620.00,417.04,24,6,Last Places,2,18,5,3
105,Discover South Africa,פלאי דרום אפריקה,Explore the wonders of South Africa. An unforgettable journey awaits.,"מסע אל הלב הפועם של היבשת הפראית. ספארי מרהיב, שקיעות אדומות ועולם חי עשיר.",,2026-06-28,2026-07-27,13620.00,2855.06,12,2,Last Places,1,17,24,3
106,Discover Uganda,הרפתקה באוגנדה,Explore the wonders of Uganda. An unforgettable journey awaits.,"מסע אל הלב הפועם של היבשת הפראית. ספארי מרהיב, שקיעות אדומות ועולם חי עשיר.",,2026-09-18,2026-10-12,11050.00,2115.17,15,3,Last Places,2,22,14,3
107,Discover Uganda,חוויה של פעם בחיים באוגנדה,Explore the wonders of Uganda. An unforgettable journey awaits.,"מסע אל הלב הפועם של היבשת הפראית. ספארי מרהיב, שקיעות אדומות ועולם חי עשיר.",,2026-02-05,2026-02-17,10090.00,2506.81,12,0,Full,1,22,10,3
108,Discover South Africa,דרום אפריקה: מסע בלתי נשכח,Explore the wonders of South Africa. An unforgettable journey awaits.,"גלו את קסם המדבר האפריקאי, דיונות זהב אינסופיות ושקיעות עוצרות נשימה.",,2026-03-15,2026-03-20,12180.00,2736.86,15,4,Last Places,2,17,11,3
109,Discover Kenya,פלאי קניה,Explore the wonders of Kenya. An unforgettable journey awaits.,"חוויה אפריקאית אמיתית: בין סוואנות אינסופיות, חיות בר מרהיבות ותרבויות שבטיות עתיקות.",,2027-03-30,2027-04-27,2860.00,553.76,20,2,Last Places,2,18,13,3
110,Discover South Africa,מסע אל מעמקי דרום אפריקה,Explore the wonders of South Africa. An unforgettable journey awaits.,"חוויה אפריקאית אמיתית: בין סוואנות אינסופיות, חיות בר מרהיבות ותרבויות שבטיות עתיקות.",,2026-08-08,2026-08-13,8650.00,1446.17,24,14,Open,2,17,4,3
111,Discover Italy,איטליה: טבע ותרבות,Explore the wonders of Italy. An unforgettable journey awaits.,"מסע תרבותי מרתק בין ארמונות מפוארים, כנסיות גותיות ומוזיאונים עשירים.",,2026-10-08,2026-10-15,10100.00,2394.23,25,10,Guaranteed,2,42,13,4
112,Discover Norway,פלאי נורבגיה,Explore the wonders of Norway. An unforgettable journey awaits.,"מסע תרבותי מרתק בין ארמונות מפוארים, כנסיות גותיות ומוזיאונים עשירים.",,2027-05-18,2027-06-12,5020.00,871.61,15,8,Guaranteed,1,63,24,4
113,Discover Canada,פלאי קנדה,Explore the wonders of Canada. An unforgettable journey awaits.,"מסע אל הטבע הצפון-אמריקאי: בין יערות ירוקים, אגמים צלולים והרים מושלגים.",,2027-02-03,2027-02-26,13860.00,2701.18,24,20,Open,3,87,15,4
114,Discover Japan,יפן: מסע בלתי נשכח,Explore the wonders of Japan. An unforgettable journey awaits.,"מסע צבעוני בלב המזרח הקסום, בין טרסות אורז, כפרים מסורתיים ונופים עוצרי נשימה.",,2026-08-27,2026-09-21,8200.00,1882.99,24,1,Last Places,2,2,16,4
115,Discover Switzerland,פלאי שוויץ,Explore the wonders of Switzerland. An unforgettable journey awaits.,מסע היסטורי מעמיק בין ערים עתיקות ואתרי מורשת עולמית.,,2026-07-20,2026-08-03,3570.00,765.65,30,2,Last Places,3,79,2,4
116,Discover Canada,סיור מעמיק בקנדה,Explore the wonders of Canada. An unforgettable journey awaits.,"גלו את יופי המערב הפראי: קניונים אדומים, נופים אינסופיים ופארקים לאומיים מרהיבים.",,2026-12-12,2026-12-23,8580.00,1806.10,24,4,Last Places,1,87,19,4
117,Discover Switzerland,חוויה של פעם בחיים בשוויץ,Explore the wonders of Switzerland. An unforgettable journey awaits.,"גלו את קסמה של היבשת העתיקה: אדריכלות מרהיבה, אמנות מופתית וקולינריה מעודנת.",,2027-01-10,2027-01-29,10990.00,2224.45,24,5,Last Places,2,79,8,4
118,Discover Norway,פלאי נורבגיה,Explore the wonders of Norway. An unforgettable journey awaits.,"מסע תרבותי מרתק בין ארמונות מפוארים, כנסיות גותיות ומוזיאונים עשירים.",,2026-06-30,2026-07-08,13420.00,2923.39,18,8,Open,3,63,3,4
119,Discover Norway,נורבגיה: מסע בלתי נשכח,Explore the wonders of Norway. An unforgettable journey awaits.,"גלו את קסמה של היבשת העתיקה: אדריכלות מרהיבה, אמנות מופתית וקולינריה מעודנת.",,2027-05-23,2027-06-17,10020.00,1632.21,25,2,Last Places,2,63,10,4
120,Discover Austria,גלה את אוסטריה,Explore the wonders of Austria. An unforgettable journey awaits.,"גלו את קסמה של היבשת העתיקה: אדריכלות מרהיבה, אמנות מופתית וקולינריה מעודנת.",,2026-12-09,2027-01-04,10670.00,2143.06,12,5,Last Places,1,49,3,4
121,Discover India,הקסם של הודו,Explore the wonders of India. An unforgettable journey awaits.,גלו את קסמה של תרבות עתיקה ששרדה אלפי שנים. בין מקדשים מפוארים וטבע בראשיתי.,,2026-02-21,2026-03-07,4070.00,817.13,24,23,Open,3,1,5,4
122,Discover Italy,סיור מעמיק באיטליה,Explore the wonders of Italy. An unforgettable journey awaits.,"מסע תרבותי מרתק בין ארמונות מפוארים, כנסיות גותיות ומוזיאונים עשירים.",,2026-04-01,2026-04-11,5700.00,1328.87,30,19,Guaranteed,3,42,13,4
123,Discover Canada,קנדה המרתקת,Explore the wonders of Canada. An unforgettable journey awaits.,"טרופי קריבי: חופים לבנים, מים טורקיז ושונית אלמוגים צבעונית.",,2026-06-07,2026-07-06,11190.00,1940.35,15,9,Last Places,1,87,20,4
124,Discover Peru,הקסם של פרו,Explore the wonders of Peru. An unforgettable journey awaits.,טרק מרגש בין פסגות האנדים המושלגות ושרידי תרבות האינקה העתיקה.,,2026-10-10,2026-10-28,5310.00,1230.27,30,19,Guaranteed,2,92,17,4
125,Discover Austria,מסע אל מעמקי אוסטריה,Explore the wonders of Austria. An unforgettable journey awaits.,"מסע תרבותי מרתק בין ארמונות מפוארים, כנסיות גותיות ומוזיאונים עשירים.",,2026-06-07,2026-06-14,5280.00,936.03,24,4,Last Places,2,49,4,4
126,Discover Peru,פרו המרתקת,Explore the wonders of Peru. An unforgettable journey awaits.,"הרפתקה של פעם בחיים ביבשת הססגונית – טבע פראי, תרבויות מרתקות וערים תוססות.",,2026-08-03,2026-08-24,9650.00,1675.03,12,5,Guaranteed,1,92,2,4
127,Discover Switzerland,מסע אל מעמקי שוויץ,Explore the wonders of Switzerland. An unforgettable journey awaits.,"מסע תרבותי מרתק בין ארמונות מפוארים, כנסיות גותיות ומוזיאונים עשירים.",,2027-04-27,2027-05-17,4840.00,1093.28,20,14,Open,1,79,10,4
128,Discover Austria,הקסם של אוסטריה,Explore the wonders of Austria. An unforgettable journey awaits.,"מסע תרבותי מרתק בין ארמונות מפוארים, כנסיות גותיות ומוזיאונים עשירים.",,2026-11-20,2026-12-11,10660.00,1717.53,18,7,Last Places,1,49,24,4
129,Discover Japan,יפן – מסע חלומות,Explore the wonders of Japan. An unforgettable journey awaits.,"מסע צבעוני בלב המזרח הקסום, בין טרסות אורז, כפרים מסורתיים ונופים עוצרי נשימה.",,2027-03-17,2027-04-06,14220.00,2895.27,25,16,Open,1,2,4,4
130,Discover Italy,איטליה המרתקת,Explore the wonders of Italy. An unforgettable journey awaits.,"מסע תרבותי מרתק בין ארמונות מפוארים, כנסיות גותיות ומוזיאונים עשירים.",,2026-05-16,2026-06-08,10530.00,1776.74,25,2,Last Places,3,42,12,4
131,Discover Canada,גלה את קנדה,Explore the wonders of Canada. An unforgettable journey awaits.,"טרופי קריבי: חופים לבנים, מים טורקיז ושונית אלמוגים צבעונית.",,2026-12-04,2026-12-21,9640.00,1690.52,12,5,Guaranteed,2,87,2,4
132,Discover Switzerland,אוצרות שוויץ,Explore the wonders of Switzerland. An unforgettable journey awaits.,"מסע תרבותי מרתק בין ארמונות מפוארים, כנסיות גותיות ומוזיאונים עשירים.",,2026-10-19,2026-11-03,5580.00,1300.35,25,14,Open,2,79,12,4
133,Discover Canada,הרפתקה בקנדה,Explore the wonders of Canada. An unforgettable journey awaits.,"טרופי קריבי: חופים לבנים, מים טורקיז ושונית אלמוגים צבעונית.",,2026-06-12,2026-06-23,2890.00,662.13,12,5,Last Places,3,87,2,4
134,Discover Russia,הרפתקה ברוסיה,Explore the wonders of Russia. An unforgettable journey awaits.,"גלו את קסמה של היבשת העתיקה: אדריכלות מרהיבה, אמנות מופתית וקולינריה מעודנת.",,2026-07-14,2026-08-12,2970.00,702.64,18,8,Guaranteed,2,78,10,4
135,Discover India,הרפתקה בהודו,Explore the wonders of India. An unforgettable journey awaits.,"מסע צבעוני בלב המזרח הקסום, בין טרסות אורז, כפרים מסורתיים ונופים עוצרי נשימה.",,2027-01-02,2027-01-22,9520.00,2307.94,24,8,Guaranteed,3,1,16,4
136,Discover Austria,אוסטריה – מסע חלומות,Explore the wonders of Austria. An unforgettable journey awaits.,"גלו את קסמה של היבשת העתיקה: אדריכלות מרהיבה, אמנות מופתית וקולינריה מעודנת.",,2026-06-26,2026-07-04,3630.00,663.53,18,9,Last Places,3,49,10,4
137,Discover Norway,מסע אל מעמקי נורבגיה,Explore the wonders of Norway. An unforgettable journey awaits.,מסע היסטורי מעמיק בין ערים עתיקות ואתרי מורשת עולמית.,,2026-02-03,2026-03-03,9220.00,1949.89,20,8,Open,1,63,15,4
138,Discover India,הודו המרתקת,Explore the wonders of India. An unforgettable journey awaits.,"מסע מעמיק אל הלב, הרוח, הטעמים והצבעים של תת-היבשת המרתקת.",,2026-03-27,2026-04-20,10970.00,1683.67,12,3,Last Places,3,1,1,4
139,Discover Italy,איטליה: טבע ותרבות,Explore the wonders of Italy. An unforgettable journey awaits.,מסע היסטורי מעמיק בין ערים עתיקות ואתרי מורשת עולמית.,,2026-12-26,2027-01-14,9590.00,1795.26,30,2,Last Places,3,42,5,4
140,Discover Scotland,סקוטלנד: מסע בלתי נשכח,Explore the wonders of Scotland. An unforgettable journey awaits.,"מסע תרבותי מרתק בין ארמונות מפוארים, כנסיות גותיות ומוזיאונים עשירים.",,2027-05-19,2027-05-27,2530.00,565.63,20,16,Open,2,47,8,4
141,Discover Russia,רוסיה: טבע ותרבות,Explore the wonders of Russia. An unforgettable journey awaits.,מסע היסטורי מעמיק בין ערים עתיקות ואתרי מורשת עולמית.,,2026-06-08,2026-07-05,12050.00,2048.71,15,2,Last Places,2,78,20,4
142,Discover Norway,נורבגיה – מסע חלומות,Explore the wonders of Norway. An unforgettable journey awaits.,מסע היסטורי מעמיק בין ערים עתיקות ואתרי מורשת עולמית.,,2026-02-15,2026-03-09,13100.00,2345.37,18,5,Open,3,63,23,4
143,Discover Austria,אוסטריה: מסע בלתי נשכח,Explore the wonders of Austria. An unforgettable journey awaits.,מסע היסטורי מעמיק בין ערים עתיקות ואתרי מורשת עולמית.,,2026-03-16,2026-03-27,4840.00,840.58,20,0,Full,2,49,8,4
144,Discover Italy,הרפתקה באיטליה,Explore the wonders of Italy. An unforgettable journey awaits.,מסע היסטורי מעמיק בין ערים עתיקות ואתרי מורשת עולמית.,,2026-02-15,2026-03-01,10150.00,2537.09,25,15,Open,2,42,3,4
145,Discover Norway,אוצרות נורבגיה,Explore the wonders of Norway. An unforgettable journey awaits.,מסע היסטורי מעמיק בין ערים עתיקות ואתרי מורשת עולמית.,,2026-02-19,2026-03-10,11540.00,2515.85,18,4,Last Places,3,63,21,4
146,Discover Peru,פרו – מסע חלומות,Explore the wonders of Peru. An unforgettable journey awaits.,"הרפתקה של פעם בחיים ביבשת הססגונית – טבע פראי, תרבויות מרתקות וערים תוססות.",,2027-04-24,2027-04-30,4540.00,916.22,18,5,Guaranteed,2,92,17,4
147,Discover Croatia,קרואטיה: מסע בלתי נשכח,Explore the wonders of Croatia. An unforgettable journey awaits.,מסע היסטורי מעמיק בין ערים עתיקות ואתרי מורשת עולמית.,,2026-12-04,2026-12-26,7620.00,1238.38,18,17,Open,1,76,7,5
148,Discover Vietnam,מסע אל מעמקי וייטנם,Explore the wonders of Vietnam. An unforgettable journey awaits.,"מסע צבעוני בלב המזרח הקסום, בין טרסות אורז, כפרים מסורתיים ונופים עוצרי נשימה.",,2026-12-16,2027-01-09,14390.00,2644.33,24,1,Last Places,1,4,6,5
149,Discover Greece,חוויה של פעם בחיים ביוון,Explore the wonders of Greece. An unforgettable journey awaits.,מסע היסטורי מעמיק בין ערים עתיקות ואתרי מורשת עולמית.,,2026-11-01,2026-11-19,14650.00,3133.62,20,20,Open,3,43,25,5
150,Discover Chile,צ'ילה המרתקת,Explore the wonders of Chile. An unforgettable journey awaits.,טרק מרגש בין פסגות האנדים המושלגות ושרידי תרבות האינקה העתיקה.,,2026-09-02,2026-09-09,3220.00,533.90,20,15,Last Places,1,93,10,5
151,Discover Iceland,מסע אל מעמקי איסלנד,Explore the wonders of Iceland. An unforgettable journey awaits.,"גלו את קסמה של היבשת העתיקה: אדריכלות מרהיבה, אמנות מופתית וקולינריה מעודנת.",,2027-06-02,2027-06-18,10160.00,1656.86,18,16,Open,3,44,24,5
152,Discover Norway,גלה את נורבגיה,Explore the wonders of Norway. An unforgettable journey awaits.,"מסע תרבותי מרתק בין ארמונות מפוארים, כנסיות גותיות ומוזיאונים עשירים.",,2026-08-31,2026-09-12,4880.00,779.24,18,12,Open,2,63,9,5
153,Discover Greece,מסע אל מעמקי יוון,Explore the wonders of Greece. An unforgettable journey awaits.,"גלו את קסמה של היבשת העתיקה: אדריכלות מרהיבה, אמנות מופתית וקולינריה מעודנת.",,2026-04-04,2026-04-24,12540.00,2466.39,18,15,Open,1,43,25,5
154,Discover Iceland,חוויה של פעם בחיים באיסלנד,Explore the wonders of Iceland. An unforgettable journey awaits.,מסע היסטורי מעמיק בין ערים עתיקות ואתרי מורשת עולמית.,,2026-02-07,2026-02-21,12130.00,2544.29,30,20,Open,2,44,2,5
155,Discover Chile,הקסם של צ'ילה,Explore the wonders of Chile. An unforgettable journey awaits.,טרק מרגש בין פסגות האנדים המושלגות ושרידי תרבות האינקה העתיקה.,,2027-04-09,2027-04-22,9490.00,2148.40,18,1,Last Places,2,93,5,5
156,Discover Croatia,מסע אל מעמקי קרואטיה,Explore the wonders of Croatia. An unforgettable journey awaits.,"גלו את קסמה של היבשת העתיקה: אדריכלות מרהיבה, אמנות מופתית וקולינריה מעודנת.",,2026-07-29,2026-08-19,11220.00,2540.66,18,3,Last Places,1,76,3,5
157,Discover Vietnam,וייטנם – מסע חלומות,Explore the wonders of Vietnam. An unforgettable journey awaits.,"מסע מעמיק אל הלב, הרוח, הטעמים והצבעים של תת-היבשת המרתקת.",,2026-11-17,2026-12-08,10220.00,2044.08,12,0,Full,1,4,7,5
158,Discover Vietnam,פלאי וייטנם,Explore the wonders of Vietnam. An unforgettable journey awaits.,גלו את קסמה של תרבות עתיקה ששרדה אלפי שנים. בין מקדשים מפוארים וטבע בראשיתי.,,2027-04-15,2027-05-06,4860.00,888.39,24,10,Guaranteed,2,4,20,5
159,Discover Argentina,הרפתקה בארגנטינה,Explore the wonders of Argentina. An unforgettable journey awaits.,טרק מרגש בין פסגות האנדים המושלגות ושרידי תרבות האינקה העתיקה.,,2026-10-28,2026-11-11,11720.00,2714.06,18,10,Open,1,89,23,5
294,Discover Netherlands,הקסם של הולנד,Explore the wonders of Netherlands. An unforgettable journey awaits.,מסע היסטורי מעמיק בין ערים עתיקות ואתרי מורשת עולמית.,,2026-02-26,2026-03-15,13390.00,2540.56,18,8,Open,2,118,3,9
160,Discover Croatia,סיור מעמיק בקרואטיה,Explore the wonders of Croatia. An unforgettable journey awaits.,"מסע תרבותי מרתק בין ארמונות מפוארים, כנסיות גותיות ומוזיאונים עשירים.",,2027-02-17,2027-03-18,13840.00,2875.45,25,1,Last Places,3,76,21,5
161,Discover Greece,הרפתקה ביוון,Explore the wonders of Greece. An unforgettable journey awaits.,מסע היסטורי מעמיק בין ערים עתיקות ואתרי מורשת עולמית.,,2026-11-02,2026-11-29,4250.00,718.58,20,10,Last Places,1,43,2,5
162,Discover Argentina,ארגנטינה: מסע בלתי נשכח,Explore the wonders of Argentina. An unforgettable journey awaits.,"מסע אל לב יער הגשם האמזוני, בין עצים עתיקים וחיות בר נדירות.",,2027-01-20,2027-01-26,4820.00,973.01,24,10,Open,2,89,24,5
163,Discover Iceland,חוויה של פעם בחיים באיסלנד,Explore the wonders of Iceland. An unforgettable journey awaits.,"מסע תרבותי מרתק בין ארמונות מפוארים, כנסיות גותיות ומוזיאונים עשירים.",,2026-07-13,2026-08-08,7410.00,1563.57,15,7,Last Places,3,44,18,5
164,Discover Argentina,מסע אל מעמקי ארגנטינה,Explore the wonders of Argentina. An unforgettable journey awaits.,טרק מרגש בין פסגות האנדים המושלגות ושרידי תרבות האינקה העתיקה.,,2026-09-15,2026-10-01,13470.00,3278.19,30,23,Last Places,2,89,11,5
165,Discover Iceland,סיור מעמיק באיסלנד,Explore the wonders of Iceland. An unforgettable journey awaits.,מסע היסטורי מעמיק בין ערים עתיקות ואתרי מורשת עולמית.,,2027-02-28,2027-03-09,7940.00,1224.40,25,2,Last Places,2,44,25,5
166,Discover Greece,גלה את יוון,Explore the wonders of Greece. An unforgettable journey awaits.,"מסע תרבותי מרתק בין ארמונות מפוארים, כנסיות גותיות ומוזיאונים עשירים.",,2026-05-31,2026-06-22,7560.00,1237.78,24,23,Open,3,43,18,5
167,Discover Greece,יוון: טבע ותרבות,Explore the wonders of Greece. An unforgettable journey awaits.,"מסע תרבותי מרתק בין ארמונות מפוארים, כנסיות גותיות ומוזיאונים עשירים.",,2026-05-12,2026-05-18,4050.00,774.89,25,15,Guaranteed,3,43,21,5
168,Discover Argentina,אוצרות ארגנטינה,Explore the wonders of Argentina. An unforgettable journey awaits.,טרק מרגש בין פסגות האנדים המושלגות ושרידי תרבות האינקה העתיקה.,,2026-12-12,2026-12-23,7880.00,1435.08,25,1,Last Places,1,89,16,5
169,Discover Antarctica,חוויה של פעם בחיים באנטארקטיקה,Explore the wonders of Antarctica. An unforgettable journey awaits.,"מסע אל הקוטב הנצחי – קרחונים כחולים מרהיבים, פינגווינים באלפים וטבע קפוא בראשיתי.",,2026-08-14,2026-08-24,2740.00,684.23,20,15,Guaranteed,3,95,6,5
170,Discover Norway,גלה את נורבגיה,Explore the wonders of Norway. An unforgettable journey awaits.,"מסע תרבותי מרתק בין ארמונות מפוארים, כנסיות גותיות ומוזיאונים עשירים.",,2026-06-07,2026-06-26,13120.00,2655.91,15,14,Open,2,63,11,5
171,Discover Croatia,קרואטיה: טבע ותרבות,Explore the wonders of Croatia. An unforgettable journey awaits.,מסע היסטורי מעמיק בין ערים עתיקות ואתרי מורשת עולמית.,,2026-04-18,2026-04-23,8900.00,2038.78,24,21,Open,1,76,23,5
172,Discover Iceland,גלה את איסלנד,Explore the wonders of Iceland. An unforgettable journey awaits.,"מסע תרבותי מרתק בין ארמונות מפוארים, כנסיות גותיות ומוזיאונים עשירים.",,2026-08-06,2026-09-01,3950.00,665.49,15,15,Open,2,44,3,5
173,Discover Argentina,אוצרות ארגנטינה,Explore the wonders of Argentina. An unforgettable journey awaits.,"מסע אל לב יער הגשם האמזוני, בין עצים עתיקים וחיות בר נדירות.",,2026-05-29,2026-06-13,8180.00,1703.45,24,0,Full,2,89,25,5
174,Discover Norway,נורבגיה – מסע חלומות,Explore the wonders of Norway. An unforgettable journey awaits.,"מסע תרבותי מרתק בין ארמונות מפוארים, כנסיות גותיות ומוזיאונים עשירים.",,2026-06-19,2026-06-29,10300.00,2251.66,25,24,Open,2,63,15,5
175,Discover Greece,יוון – מסע חלומות,Explore the wonders of Greece. An unforgettable journey awaits.,מסע היסטורי מעמיק בין ערים עתיקות ואתרי מורשת עולמית.,,2027-05-18,2027-05-27,11790.00,1949.11,25,19,Last Places,2,43,8,5
176,Discover Greece,מסע אל מעמקי יוון,Explore the wonders of Greece. An unforgettable journey awaits.,מסע היסטורי מעמיק בין ערים עתיקות ואתרי מורשת עולמית.,,2027-02-03,2027-02-27,3670.00,743.36,24,22,Open,2,43,22,5
177,Discover Greece,גלה את יוון,Explore the wonders of Greece. An unforgettable journey awaits.,מסע היסטורי מעמיק בין ערים עתיקות ואתרי מורשת עולמית.,,2026-10-14,2026-10-23,5360.00,979.87,24,14,Guaranteed,3,43,19,5
178,Discover Israel,סיור מעמיק בישראל,Explore the wonders of Israel. An unforgettable journey awaits.,גלו את קסמה של תרבות עתיקה ששרדה אלפי שנים. בין מקדשים מפוארים וטבע בראשיתי.,,2026-09-02,2026-09-11,12510.00,2396.20,24,1,Last Places,3,104,2,6
179,Discover Australia,אוסטרליה: מסע בלתי נשכח,Explore the wonders of Australia. An unforgettable journey awaits.,מסע חד פעמי בין איים וחלומות – שייט מרהיב לגן העדן הטרופי.,,2027-01-29,2027-02-09,13840.00,2177.07,20,11,Open,1,33,1,6
180,Discover China,סין המרתקת,Explore the wonders of China. An unforgettable journey awaits.,"מסע מעמיק אל הלב, הרוח, הטעמים והצבעים של תת-היבשת המרתקת.",,2026-08-10,2026-08-20,4770.00,1080.80,25,20,Open,2,5,10,6
181,Discover Cambodia,קמבודיה: מסע בלתי נשכח,Explore the wonders of Cambodia. An unforgettable journey awaits.,"מסע מעמיק אל הלב, הרוח, הטעמים והצבעים של תת-היבשת המרתקת.",,2027-05-21,2027-06-16,13040.00,2129.42,30,11,Guaranteed,1,11,22,6
182,Discover Azerbaijan,גלה את אזרבייג'ן,Explore the wonders of Azerbaijan. An unforgettable journey awaits.,"מסע צבעוני בלב המזרח הקסום, בין טרסות אורז, כפרים מסורתיים ונופים עוצרי נשימה.",,2027-05-28,2027-06-11,11480.00,2495.18,24,13,Open,2,97,1,6
183,Discover Papua New Guinea,גלה את פפואה גינאה החדשה,Explore the wonders of Papua New Guinea. An unforgettable journey awaits.,מסע חד פעמי בין איים וחלומות – שייט מרהיב לגן העדן הטרופי.,,2027-05-07,2027-06-04,4310.00,660.39,25,13,Open,1,36,7,6
184,Discover Romania,רומניה: מסע בלתי נשכח,Explore the wonders of Romania. An unforgettable journey awaits.,"מסע תרבותי מרתק בין ארמונות מפוארים, כנסיות גותיות ומוזיאונים עשירים.",,2026-08-29,2026-09-22,2990.00,521.68,12,6,Last Places,1,77,2,6
185,Discover Slovenia,סלובניה המרתקת,Explore the wonders of Slovenia. An unforgettable journey awaits.,"מסע תרבותי מרתק בין ארמונות מפוארים, כנסיות גותיות ומוזיאונים עשירים.",,2026-05-12,2026-06-09,13790.00,2508.27,24,24,Open,3,65,10,6
186,Discover Hungary,הרפתקה בהונגריה,Explore the wonders of Hungary. An unforgettable journey awaits.,מסע היסטורי מעמיק בין ערים עתיקות ואתרי מורשת עולמית.,,2026-06-02,2026-06-08,13400.00,3281.02,25,5,Open,3,53,10,6
187,Discover Madeira,הרפתקה במדירה,Explore the wonders of Madeira. An unforgettable journey awaits.,"מסע תרבותי מרתק בין ארמונות מפוארים, כנסיות גותיות ומוזיאונים עשירים.",,2026-12-22,2027-01-08,12740.00,2317.07,20,13,Guaranteed,2,121,21,6
188,Discover Vanuatu,ונואטו: מסע בלתי נשכח,Explore the wonders of Vanuatu. An unforgettable journey awaits.,מסע חד פעמי בין איים וחלומות – שייט מרהיב לגן העדן הטרופי.,,2026-03-27,2026-04-26,11480.00,2772.12,24,13,Last Places,3,39,23,6
189,Discover Zambia,הקסם של זמביה,Explore the wonders of Zambia. An unforgettable journey awaits.,"חוויה אפריקאית אמיתית: בין סוואנות אינסופיות, חיות בר מרהיבות ותרבויות שבטיות עתיקות.",,2026-12-10,2026-12-17,11210.00,2631.14,12,8,Open,1,27,11,6
190,Discover Namibia,גלה את נמיביה,Explore the wonders of Namibia. An unforgettable journey awaits.,"מסע אל הלב הפועם של היבשת הפראית. ספארי מרהיב, שקיעות אדומות ועולם חי עשיר.",,2026-11-09,2026-12-07,13440.00,2307.67,15,10,Last Places,1,25,25,6
191,Discover Netherlands,סיור מעמיק בהולנד,Explore the wonders of Netherlands. An unforgettable journey awaits.,מסע היסטורי מעמיק בין ערים עתיקות ואתרי מורשת עולמית.,,2027-01-04,2027-01-28,6180.00,1172.12,15,10,Last Places,2,118,8,6
192,Discover Scotland,סקוטלנד המרתקת,Explore the wonders of Scotland. An unforgettable journey awaits.,"גלו את קסמה של היבשת העתיקה: אדריכלות מרהיבה, אמנות מופתית וקולינריה מעודנת.",,2027-04-09,2027-04-29,11540.00,1844.79,25,15,Last Places,1,47,17,6
193,Discover Antarctica,חוויה של פעם בחיים באנטארקטיקה,Explore the wonders of Antarctica. An unforgettable journey awaits.,"מסע אל הקוטב הנצחי – קרחונים כחולים מרהיבים, פינגווינים באלפים וטבע קפוא בראשיתי.",,2026-01-21,2026-02-03,13330.00,3245.53,24,23,Open,2,95,5,6
194,Discover Ethiopia,אתיופיה – מסע חלומות,Explore the wonders of Ethiopia. An unforgettable journey awaits.,"גלו את קסם המדבר האפריקאי, דיונות זהב אינסופיות ושקיעות עוצרות נשימה.",,2026-10-31,2026-11-12,12220.00,2505.89,25,10,Last Places,2,30,13,6
195,Discover Colombia,קולומביה: מסע בלתי נשכח,Explore the wonders of Colombia. An unforgettable journey awaits.,"הרפתקה של פעם בחיים ביבשת הססגונית – טבע פראי, תרבויות מרתקות וערים תוססות.",,2026-04-09,2026-04-18,13190.00,2622.59,24,20,Open,1,94,12,6
196,Discover United Arab Emirates,גלה את איחוד האמירויות,Explore the wonders of United Arab Emirates. An unforgettable journey awaits.,גלו את קסמה של תרבות עתיקה ששרדה אלפי שנים. בין מקדשים מפוארים וטבע בראשיתי.,,2026-08-12,2026-08-21,14910.00,2581.57,25,4,Last Places,1,98,1,6
197,Discover United States,ארצות הברית: מסע בלתי נשכח,Explore the wonders of United States. An unforgettable journey awaits.,"מסע אל הטבע הצפון-אמריקאי: בין יערות ירוקים, אגמים צלולים והרים מושלגים.",,2026-12-20,2027-01-13,11890.00,2567.39,12,0,Full,3,80,21,6
198,Discover Scandinavia,סקנדינביה: טבע ותרבות,Explore the wonders of Scandinavia. An unforgettable journey awaits.,"מסע תרבותי מרתק בין ארמונות מפוארים, כנסיות גותיות ומוזיאונים עשירים.",,2026-06-02,2026-06-24,7870.00,1193.99,30,22,Open,2,68,24,6
199,Discover Morocco,מרוקו המרתקת,Explore the wonders of Morocco. An unforgettable journey awaits.,"חוויה אפריקאית אמיתית: בין סוואנות אינסופיות, חיות בר מרהיבות ותרבויות שבטיות עתיקות.",,2026-04-21,2026-05-15,12780.00,2239.59,18,8,Last Places,1,20,8,6
200,Discover Ghana,הקסם של גאנה,Explore the wonders of Ghana. An unforgettable journey awaits.,"גלו את קסם המדבר האפריקאי, דיונות זהב אינסופיות ושקיעות עוצרות נשימה.",,2026-12-29,2027-01-05,2640.00,420.68,20,12,Open,2,29,10,6
201,Discover Cambodia,הקסם של קמבודיה,Explore the wonders of Cambodia. An unforgettable journey awaits.,"מסע צבעוני בלב המזרח הקסום, בין טרסות אורז, כפרים מסורתיים ונופים עוצרי נשימה.",,2027-03-21,2027-04-08,8780.00,1813.82,30,3,Last Places,3,11,16,6
202,Discover Malta,מלטה: טבע ותרבות,Explore the wonders of Malta. An unforgettable journey awaits.,"גלו את קסמה של היבשת העתיקה: אדריכלות מרהיבה, אמנות מופתית וקולינריה מעודנת.",,2026-02-05,2026-02-12,7740.00,1857.07,24,21,Open,1,61,9,6
203,Discover Croatia,פלאי קרואטיה,Explore the wonders of Croatia. An unforgettable journey awaits.,"גלו את קסמה של היבשת העתיקה: אדריכלות מרהיבה, אמנות מופתית וקולינריה מעודנת.",,2027-02-02,2027-03-01,10150.00,2465.31,18,5,Open,1,76,5,6
204,Discover Azerbaijan,הרפתקה באזרבייג'ן,Explore the wonders of Azerbaijan. An unforgettable journey awaits.,"מסע צבעוני בלב המזרח הקסום, בין טרסות אורז, כפרים מסורתיים ונופים עוצרי נשימה.",,2026-03-25,2026-04-24,3600.00,720.29,18,1,Last Places,1,97,24,6
205,Discover Russia,חוויה של פעם בחיים ברוסיה,Explore the wonders of Russia. An unforgettable journey awaits.,"גלו את קסמה של היבשת העתיקה: אדריכלות מרהיבה, אמנות מופתית וקולינריה מעודנת.",,2026-11-23,2026-12-17,10120.00,2498.55,18,0,Full,3,78,25,6
206,Discover Poland,חוויה של פעם בחיים בפולין,Explore the wonders of Poland. An unforgettable journey awaits.,"מסע תרבותי מרתק בין ארמונות מפוארים, כנסיות גותיות ומוזיאונים עשירים.",,2026-08-22,2026-09-01,13990.00,3022.78,12,12,Open,3,71,13,6
207,Discover Morocco,מסע אל מעמקי מרוקו,Explore the wonders of Morocco. An unforgettable journey awaits.,"מסע אל הלב הפועם של היבשת הפראית. ספארי מרהיב, שקיעות אדומות ועולם חי עשיר.",,2027-01-12,2027-02-11,14980.00,2478.11,20,10,Last Places,1,20,13,6
208,Discover United Arab Emirates,איחוד האמירויות: מסע בלתי נשכח,Explore the wonders of United Arab Emirates. An unforgettable journey awaits.,"מסע מעמיק אל הלב, הרוח, הטעמים והצבעים של תת-היבשת המרתקת.",,2026-03-06,2026-03-15,3780.00,637.83,20,17,Open,3,98,9,6
209,Discover Laos,הרפתקה בלאוס,Explore the wonders of Laos. An unforgettable journey awaits.,"מסע מעמיק אל הלב, הרוח, הטעמים והצבעים של תת-היבשת המרתקת.",,2026-10-23,2026-10-30,14220.00,2983.42,18,12,Guaranteed,2,12,12,6
210,Discover Greenland,חוויה של פעם בחיים בגרינלנד,Explore the wonders of Greenland. An unforgettable journey awaits.,"גלו את קסמה של היבשת העתיקה: אדריכלות מרהיבה, אמנות מופתית וקולינריה מעודנת.",,2026-11-01,2026-11-22,5470.00,1195.37,15,4,Last Places,2,116,8,6
211,Discover Uganda,אוגנדה – מסע חלומות,Explore the wonders of Uganda. An unforgettable journey awaits.,"גלו את קסם המדבר האפריקאי, דיונות זהב אינסופיות ושקיעות עוצרות נשימה.",,2026-06-03,2026-06-21,8130.00,1613.18,12,5,Last Places,1,22,14,6
212,Discover Philippines,פיליפינים המרתקת,Explore the wonders of Philippines. An unforgettable journey awaits.,"מסע מעמיק אל הלב, הרוח, הטעמים והצבעים של תת-היבשת המרתקת.",,2026-06-17,2026-06-22,10100.00,1850.54,24,12,Last Places,2,14,5,6
213,Discover Italy,חוויה של פעם בחיים באיטליה,Explore the wonders of Italy. An unforgettable journey awaits.,מסע היסטורי מעמיק בין ערים עתיקות ואתרי מורשת עולמית.,,2027-05-13,2027-06-09,6110.00,1209.17,15,12,Open,2,42,20,6
214,Discover Austria,אוסטריה: טבע ותרבות,Explore the wonders of Austria. An unforgettable journey awaits.,מסע היסטורי מעמיק בין ערים עתיקות ואתרי מורשת עולמית.,,2027-03-07,2027-04-06,10040.00,1872.48,24,6,Open,3,49,9,6
215,Discover Tunisia,אוצרות תוניסיה,Explore the wonders of Tunisia. An unforgettable journey awaits.,"חוויה אפריקאית אמיתית: בין סוואנות אינסופיות, חיות בר מרהיבות ותרבויות שבטיות עתיקות.",,2027-03-14,2027-04-10,3410.00,790.77,30,25,Open,2,32,10,7
216,Discover Kyrgyzstan,פלאי קירגיזסטן,Explore the wonders of Kyrgyzstan. An unforgettable journey awaits.,"מסע מעמיק אל הלב, הרוח, הטעמים והצבעים של תת-היבשת המרתקת.",,2026-12-16,2026-12-25,10660.00,2440.16,12,7,Open,2,108,9,7
217,Discover Jordan,אוצרות ירדן,Explore the wonders of Jordan. An unforgettable journey awaits.,גלו את קסמה של תרבות עתיקה ששרדה אלפי שנים. בין מקדשים מפוארים וטבע בראשיתי.,,2027-01-07,2027-02-06,12990.00,2719.87,12,1,Last Places,1,103,12,7
218,Discover Israel,מסע אל מעמקי ישראל,Explore the wonders of Israel. An unforgettable journey awaits.,"מסע מעמיק אל הלב, הרוח, הטעמים והצבעים של תת-היבשת המרתקת.",,2026-12-25,2027-01-19,10180.00,2511.21,18,13,Guaranteed,1,104,21,7
219,Discover Bolivia,פלאי בוליביה,Explore the wonders of Bolivia. An unforgettable journey awaits.,טרק מרגש בין פסגות האנדים המושלגות ושרידי תרבות האינקה העתיקה.,,2026-11-06,2026-12-03,13780.00,2371.58,18,12,Last Places,3,90,18,7
220,Discover Tunisia,חוויה של פעם בחיים בתוניסיה,Explore the wonders of Tunisia. An unforgettable journey awaits.,"חוויה אפריקאית אמיתית: בין סוואנות אינסופיות, חיות בר מרהיבות ותרבויות שבטיות עתיקות.",,2026-06-13,2026-07-01,3750.00,606.03,25,4,Last Places,2,32,4,7
221,Discover Tunisia,הקסם של תוניסיה,Explore the wonders of Tunisia. An unforgettable journey awaits.,"גלו את קסם המדבר האפריקאי, דיונות זהב אינסופיות ושקיעות עוצרות נשימה.",,2026-09-13,2026-09-21,10970.00,2437.53,20,10,Guaranteed,2,32,12,7
222,Discover Mongolia,מונגוליה: מסע בלתי נשכח,Explore the wonders of Mongolia. An unforgettable journey awaits.,"מסע צבעוני בלב המזרח הקסום, בין טרסות אורז, כפרים מסורתיים ונופים עוצרי נשימה.",,2026-03-09,2026-04-04,5360.00,1302.44,25,7,Open,1,15,21,7
223,Discover Tunisia,הרפתקה בתוניסיה,Explore the wonders of Tunisia. An unforgettable journey awaits.,"מסע אל הלב הפועם של היבשת הפראית. ספארי מרהיב, שקיעות אדומות ועולם חי עשיר.",,2027-02-25,2027-03-14,14890.00,2508.15,25,21,Open,2,32,8,7
224,Discover Oman,פלאי עומאן,Explore the wonders of Oman. An unforgettable journey awaits.,"מסע צבעוני בלב המזרח הקסום, בין טרסות אורז, כפרים מסורתיים ונופים עוצרי נשימה.",,2027-01-08,2027-01-19,6210.00,1104.35,25,25,Open,1,106,1,7
225,Discover Kyrgyzstan,פלאי קירגיזסטן,Explore the wonders of Kyrgyzstan. An unforgettable journey awaits.,"מסע מעמיק אל הלב, הרוח, הטעמים והצבעים של תת-היבשת המרתקת.",,2026-03-12,2026-03-25,12020.00,2437.31,25,10,Open,2,108,15,7
226,Discover Tunisia,תוניסיה: טבע ותרבות,Explore the wonders of Tunisia. An unforgettable journey awaits.,"חוויה אפריקאית אמיתית: בין סוואנות אינסופיות, חיות בר מרהיבות ותרבויות שבטיות עתיקות.",,2026-04-11,2026-05-07,8090.00,1956.71,24,2,Last Places,3,32,20,7
227,Discover Georgia,פלאי גיאורגיה,Explore the wonders of Georgia. An unforgettable journey awaits.,"גלו את קסמה של היבשת העתיקה: אדריכלות מרהיבה, אמנות מופתית וקולינריה מעודנת.",,2026-04-16,2026-05-02,4890.00,983.29,20,19,Open,1,55,4,7
228,Discover Bolivia,בוליביה המרתקת,Explore the wonders of Bolivia. An unforgettable journey awaits.,"מסע אל לב יער הגשם האמזוני, בין עצים עתיקים וחיות בר נדירות.",,2027-04-28,2027-05-23,5540.00,1138.42,20,9,Guaranteed,1,90,23,7
229,Discover Tunisia,הרפתקה בתוניסיה,Explore the wonders of Tunisia. An unforgettable journey awaits.,"גלו את קסם המדבר האפריקאי, דיונות זהב אינסופיות ושקיעות עוצרות נשימה.",,2026-04-22,2026-05-09,13500.00,2707.34,20,13,Open,2,32,5,7
230,Discover Morocco,מרוקו: טבע ותרבות,Explore the wonders of Morocco. An unforgettable journey awaits.,"חוויה אפריקאית אמיתית: בין סוואנות אינסופיות, חיות בר מרהיבות ותרבויות שבטיות עתיקות.",,2026-01-28,2026-02-27,6510.00,1166.65,18,7,Open,2,20,19,7
231,Discover Israel,ישראל – מסע חלומות,Explore the wonders of Israel. An unforgettable journey awaits.,"מסע מעמיק אל הלב, הרוח, הטעמים והצבעים של תת-היבשת המרתקת.",,2026-05-30,2026-06-28,13120.00,3048.15,18,17,Open,1,104,4,7
232,Discover Kyrgyzstan,סיור מעמיק בקירגיזסטן,Explore the wonders of Kyrgyzstan. An unforgettable journey awaits.,"מסע צבעוני בלב המזרח הקסום, בין טרסות אורז, כפרים מסורתיים ונופים עוצרי נשימה.",,2027-04-05,2027-04-11,11210.00,1976.12,30,26,Open,1,108,10,7
233,Discover Israel,גלה את ישראל,Explore the wonders of Israel. An unforgettable journey awaits.,"מסע צבעוני בלב המזרח הקסום, בין טרסות אורז, כפרים מסורתיים ונופים עוצרי נשימה.",,2026-07-11,2026-08-07,14490.00,3090.38,15,4,Last Places,1,104,23,7
234,Discover Bolivia,מסע אל מעמקי בוליביה,Explore the wonders of Bolivia. An unforgettable journey awaits.,"הרפתקה של פעם בחיים ביבשת הססגונית – טבע פראי, תרבויות מרתקות וערים תוססות.",,2026-06-27,2026-07-24,7990.00,1429.68,18,16,Open,3,90,6,7
235,Discover Namibia,סיור מעמיק בנמיביה,Explore the wonders of Namibia. An unforgettable journey awaits.,"מסע אל הלב הפועם של היבשת הפראית. ספארי מרהיב, שקיעות אדומות ועולם חי עשיר.",,2027-04-01,2027-04-10,7110.00,1170.48,18,7,Open,2,25,23,7
236,Discover Oman,סיור מעמיק בעומאן,Explore the wonders of Oman. An unforgettable journey awaits.,"מסע מעמיק אל הלב, הרוח, הטעמים והצבעים של תת-היבשת המרתקת.",,2026-02-20,2026-03-17,3900.00,742.11,25,8,Open,2,106,15,7
237,Discover Morocco,הרפתקה במרוקו,Explore the wonders of Morocco. An unforgettable journey awaits.,"מסע אל הלב הפועם של היבשת הפראית. ספארי מרהיב, שקיעות אדומות ועולם חי עשיר.",,2027-05-25,2027-06-13,15000.00,3246.22,18,2,Last Places,3,20,24,7
238,Discover Georgia,אוצרות גיאורגיה,Explore the wonders of Georgia. An unforgettable journey awaits.,"מסע תרבותי מרתק בין ארמונות מפוארים, כנסיות גותיות ומוזיאונים עשירים.",,2027-03-13,2027-03-27,8910.00,1824.15,15,15,Open,2,55,11,7
239,Discover Tunisia,אוצרות תוניסיה,Explore the wonders of Tunisia. An unforgettable journey awaits.,"חוויה אפריקאית אמיתית: בין סוואנות אינסופיות, חיות בר מרהיבות ותרבויות שבטיות עתיקות.",,2026-03-17,2026-03-27,11030.00,2158.04,20,6,Open,1,32,1,7
240,Discover Morocco,אוצרות מרוקו,Explore the wonders of Morocco. An unforgettable journey awaits.,"חוויה אפריקאית אמיתית: בין סוואנות אינסופיות, חיות בר מרהיבות ותרבויות שבטיות עתיקות.",,2026-07-16,2026-07-29,3680.00,688.84,25,5,Guaranteed,2,20,21,7
241,Discover Morocco,הקסם של מרוקו,Explore the wonders of Morocco. An unforgettable journey awaits.,"גלו את קסם המדבר האפריקאי, דיונות זהב אינסופיות ושקיעות עוצרות נשימה.",,2026-05-02,2026-05-22,3590.00,586.14,15,14,Open,1,20,1,7
242,Discover Namibia,נמיביה המרתקת,Explore the wonders of Namibia. An unforgettable journey awaits.,"חוויה אפריקאית אמיתית: בין סוואנות אינסופיות, חיות בר מרהיבות ותרבויות שבטיות עתיקות.",,2026-02-18,2026-03-02,9840.00,1563.90,30,3,Last Places,1,25,16,7
243,Discover Namibia,אוצרות נמיביה,Explore the wonders of Namibia. An unforgettable journey awaits.,"מסע אל הלב הפועם של היבשת הפראית. ספארי מרהיב, שקיעות אדומות ועולם חי עשיר.",,2027-06-05,2027-07-01,4920.00,771.66,24,0,Full,3,25,21,7
244,Discover Kyrgyzstan,קירגיזסטן: טבע ותרבות,Explore the wonders of Kyrgyzstan. An unforgettable journey awaits.,"מסע צבעוני בלב המזרח הקסום, בין טרסות אורז, כפרים מסורתיים ונופים עוצרי נשימה.",,2027-01-31,2027-02-09,10430.00,2207.07,20,6,Guaranteed,1,108,21,7
245,Discover Mongolia,חוויה של פעם בחיים במונגוליה,Explore the wonders of Mongolia. An unforgettable journey awaits.,גלו את קסמה של תרבות עתיקה ששרדה אלפי שנים. בין מקדשים מפוארים וטבע בראשיתי.,,2026-05-19,2026-06-01,3720.00,650.32,24,19,Open,3,15,5,7
246,Discover Kyrgyzstan,סיור מעמיק בקירגיזסטן,Explore the wonders of Kyrgyzstan. An unforgettable journey awaits.,"מסע מעמיק אל הלב, הרוח, הטעמים והצבעים של תת-היבשת המרתקת.",,2026-11-19,2026-12-10,5860.00,1317.24,18,1,Last Places,1,108,17,7
247,Discover Tunisia,הרפתקה בתוניסיה,Explore the wonders of Tunisia. An unforgettable journey awaits.,"גלו את קסם המדבר האפריקאי, דיונות זהב אינסופיות ושקיעות עוצרות נשימה.",,2026-11-13,2026-11-20,12810.00,3059.96,12,5,Last Places,1,32,21,7
248,Discover Lapland,גלה את לפלנד,Explore the wonders of Lapland. An unforgettable journey awaits.,"מסע תרבותי מרתק בין ארמונות מפוארים, כנסיות גותיות ומוזיאונים עשירים.",,2026-09-11,2026-10-10,3490.00,529.32,12,0,Full,2,120,25,8
249,Discover Greenland,גרינלנד: מסע בלתי נשכח,Explore the wonders of Greenland. An unforgettable journey awaits.,מסע היסטורי מעמיק בין ערים עתיקות ואתרי מורשת עולמית.,,2026-11-30,2026-12-27,12260.00,2779.48,20,12,Guaranteed,3,116,10,8
250,Discover Norway,אוצרות נורבגיה,Explore the wonders of Norway. An unforgettable journey awaits.,מסע היסטורי מעמיק בין ערים עתיקות ואתרי מורשת עולמית.,,2026-10-01,2026-10-12,5180.00,1054.85,20,18,Open,3,63,3,8
251,Discover Canada,פלאי קנדה,Explore the wonders of Canada. An unforgettable journey awaits.,"טרופי קריבי: חופים לבנים, מים טורקיז ושונית אלמוגים צבעונית.",,2027-05-16,2027-05-28,3180.00,554.74,20,3,Last Places,2,87,24,8
252,Discover Russia,הקסם של רוסיה,Explore the wonders of Russia. An unforgettable journey awaits.,"מסע תרבותי מרתק בין ארמונות מפוארים, כנסיות גותיות ומוזיאונים עשירים.",,2026-12-15,2027-01-12,5590.00,905.27,25,4,Last Places,3,78,24,8
253,Discover Lapland,לפלנד המרתקת,Explore the wonders of Lapland. An unforgettable journey awaits.,"גלו את קסמה של היבשת העתיקה: אדריכלות מרהיבה, אמנות מופתית וקולינריה מעודנת.",,2026-03-18,2026-04-15,7500.00,1674.70,12,12,Open,1,120,12,8
254,Discover Norway,הקסם של נורבגיה,Explore the wonders of Norway. An unforgettable journey awaits.,"גלו את קסמה של היבשת העתיקה: אדריכלות מרהיבה, אמנות מופתית וקולינריה מעודנת.",,2027-05-27,2027-06-19,14850.00,2341.95,20,16,Open,2,63,23,8
255,Discover Norway,הקסם של נורבגיה,Explore the wonders of Norway. An unforgettable journey awaits.,"מסע תרבותי מרתק בין ארמונות מפוארים, כנסיות גותיות ומוזיאונים עשירים.",,2026-03-06,2026-03-29,4360.00,753.58,24,0,Full,1,63,25,8
256,Discover Norway,נורבגיה – מסע חלומות,Explore the wonders of Norway. An unforgettable journey awaits.,מסע היסטורי מעמיק בין ערים עתיקות ואתרי מורשת עולמית.,,2027-04-29,2027-05-08,5660.00,1376.04,30,1,Last Places,3,63,13,8
257,Discover Lapland,לפלנד: מסע בלתי נשכח,Explore the wonders of Lapland. An unforgettable journey awaits.,מסע היסטורי מעמיק בין ערים עתיקות ואתרי מורשת עולמית.,,2027-04-26,2027-05-24,8550.00,1514.43,12,9,Last Places,1,120,14,8
258,Discover Lapland,מסע אל מעמקי לפלנד,Explore the wonders of Lapland. An unforgettable journey awaits.,מסע היסטורי מעמיק בין ערים עתיקות ואתרי מורשת עולמית.,,2027-05-30,2027-06-05,10210.00,1601.87,20,9,Last Places,2,120,17,8
259,Discover Lapland,פלאי לפלנד,Explore the wonders of Lapland. An unforgettable journey awaits.,"גלו את קסמה של היבשת העתיקה: אדריכלות מרהיבה, אמנות מופתית וקולינריה מעודנת.",,2026-10-28,2026-11-27,8220.00,1840.93,15,14,Open,2,120,10,8
260,Discover Antarctica,הקסם של אנטארקטיקה,Explore the wonders of Antarctica. An unforgettable journey awaits.,חוויה קוטבית אמיתית ביבשת הלבנה: שדות קרח אינסופיים והרי קרח מרהיבים.,,2026-03-31,2026-04-05,10390.00,1583.34,24,11,Open,3,95,8,8
261,Discover Canada,הקסם של קנדה,Explore the wonders of Canada. An unforgettable journey awaits.,"גלו את יופי המערב הפראי: קניונים אדומים, נופים אינסופיים ופארקים לאומיים מרהיבים.",,2027-01-20,2027-02-03,4120.00,702.54,15,13,Open,2,87,24,8
262,Discover Lapland,מסע אל מעמקי לפלנד,Explore the wonders of Lapland. An unforgettable journey awaits.,מסע היסטורי מעמיק בין ערים עתיקות ואתרי מורשת עולמית.,,2026-08-12,2026-09-08,9620.00,1884.04,25,2,Last Places,3,120,17,8
263,Discover Iceland,איסלנד המרתקת,Explore the wonders of Iceland. An unforgettable journey awaits.,"גלו את קסמה של היבשת העתיקה: אדריכלות מרהיבה, אמנות מופתית וקולינריה מעודנת.",,2026-10-30,2026-11-05,10900.00,2357.06,15,7,Last Places,2,44,19,8
264,Discover Norway,מסע אל מעמקי נורבגיה,Explore the wonders of Norway. An unforgettable journey awaits.,"מסע תרבותי מרתק בין ארמונות מפוארים, כנסיות גותיות ומוזיאונים עשירים.",,2026-02-20,2026-03-03,4780.00,1089.81,24,3,Last Places,1,63,8,8
265,Discover Canada,קנדה: טבע ותרבות,Explore the wonders of Canada. An unforgettable journey awaits.,"טרופי קריבי: חופים לבנים, מים טורקיז ושונית אלמוגים צבעונית.",,2026-10-14,2026-10-30,6250.00,1219.95,20,8,Guaranteed,1,87,4,8
266,Discover Lapland,אוצרות לפלנד,Explore the wonders of Lapland. An unforgettable journey awaits.,"גלו את קסמה של היבשת העתיקה: אדריכלות מרהיבה, אמנות מופתית וקולינריה מעודנת.",,2026-03-29,2026-04-05,7080.00,1747.63,20,16,Open,1,120,11,8
267,Discover Canada,מסע אל מעמקי קנדה,Explore the wonders of Canada. An unforgettable journey awaits.,"גלו את יופי המערב הפראי: קניונים אדומים, נופים אינסופיים ופארקים לאומיים מרהיבים.",,2026-10-24,2026-11-21,13260.00,2320.30,20,3,Last Places,1,87,15,8
268,Discover Lapland,פלאי לפלנד,Explore the wonders of Lapland. An unforgettable journey awaits.,"גלו את קסמה של היבשת העתיקה: אדריכלות מרהיבה, אמנות מופתית וקולינריה מעודנת.",,2027-03-10,2027-03-27,9620.00,2103.21,25,2,Last Places,3,120,7,8
269,Discover Iceland,מסע אל מעמקי איסלנד,Explore the wonders of Iceland. An unforgettable journey awaits.,"מסע תרבותי מרתק בין ארמונות מפוארים, כנסיות גותיות ומוזיאונים עשירים.",,2027-04-20,2027-05-15,11080.00,2558.70,12,12,Open,2,44,7,8
270,Discover Greenland,גלה את גרינלנד,Explore the wonders of Greenland. An unforgettable journey awaits.,"מסע תרבותי מרתק בין ארמונות מפוארים, כנסיות גותיות ומוזיאונים עשירים.",,2027-03-09,2027-04-06,10080.00,2012.10,20,13,Guaranteed,2,116,14,8
271,Discover Lapland,לפלנד: מסע בלתי נשכח,Explore the wonders of Lapland. An unforgettable journey awaits.,"גלו את קסמה של היבשת העתיקה: אדריכלות מרהיבה, אמנות מופתית וקולינריה מעודנת.",,2026-11-23,2026-12-17,14630.00,2554.08,18,15,Open,2,120,2,8
272,Discover Norway,נורבגיה: מסע בלתי נשכח,Explore the wonders of Norway. An unforgettable journey awaits.,"מסע תרבותי מרתק בין ארמונות מפוארים, כנסיות גותיות ומוזיאונים עשירים.",,2026-03-24,2026-04-11,6080.00,1302.73,30,16,Guaranteed,3,63,13,8
273,Discover Greenland,פלאי גרינלנד,Explore the wonders of Greenland. An unforgettable journey awaits.,"מסע תרבותי מרתק בין ארמונות מפוארים, כנסיות גותיות ומוזיאונים עשירים.",,2026-07-08,2026-07-31,12280.00,2236.93,18,5,Guaranteed,2,116,16,8
274,Discover Iceland,אוצרות איסלנד,Explore the wonders of Iceland. An unforgettable journey awaits.,"מסע תרבותי מרתק בין ארמונות מפוארים, כנסיות גותיות ומוזיאונים עשירים.",,2026-10-11,2026-10-27,13960.00,3489.45,15,3,Last Places,1,44,16,8
275,Discover Antarctica,אנטארקטיקה: טבע ותרבות,Explore the wonders of Antarctica. An unforgettable journey awaits.,"מסע אל הקוטב הנצחי – קרחונים כחולים מרהיבים, פינגווינים באלפים וטבע קפוא בראשיתי.",,2026-11-03,2026-12-03,9950.00,1845.53,30,27,Open,1,95,8,8
276,Discover Russia,חוויה של פעם בחיים ברוסיה,Explore the wonders of Russia. An unforgettable journey awaits.,"מסע תרבותי מרתק בין ארמונות מפוארים, כנסיות גותיות ומוזיאונים עשירים.",,2026-07-12,2026-08-04,13540.00,2223.41,15,15,Open,3,78,23,8
277,Discover Iceland,איסלנד: טבע ותרבות,Explore the wonders of Iceland. An unforgettable journey awaits.,"גלו את קסמה של היבשת העתיקה: אדריכלות מרהיבה, אמנות מופתית וקולינריה מעודנת.",,2026-11-17,2026-11-29,2400.00,486.35,12,5,Open,1,44,8,8
278,Discover Iceland,איסלנד המרתקת,Explore the wonders of Iceland. An unforgettable journey awaits.,מסע היסטורי מעמיק בין ערים עתיקות ואתרי מורשת עולמית.,,2026-11-09,2026-12-06,4900.00,1114.44,30,16,Last Places,1,44,5,8
279,Discover Norway,נורבגיה: טבע ותרבות,Explore the wonders of Norway. An unforgettable journey awaits.,מסע היסטורי מעמיק בין ערים עתיקות ואתרי מורשת עולמית.,,2026-03-23,2026-04-02,10940.00,2507.28,20,20,Open,2,63,11,8
280,Discover Russia,רוסיה – מסע חלומות,Explore the wonders of Russia. An unforgettable journey awaits.,"מסע תרבותי מרתק בין ארמונות מפוארים, כנסיות גותיות ומוזיאונים עשירים.",,2027-03-06,2027-03-16,9740.00,1759.85,25,9,Guaranteed,1,78,19,8
281,Discover Iceland,איסלנד: טבע ותרבות,Explore the wonders of Iceland. An unforgettable journey awaits.,"גלו את קסמה של היבשת העתיקה: אדריכלות מרהיבה, אמנות מופתית וקולינריה מעודנת.",,2026-11-17,2026-12-02,14520.00,2498.74,24,3,Last Places,2,44,6,8
282,Discover Norway,מסע אל מעמקי נורבגיה,Explore the wonders of Norway. An unforgettable journey awaits.,"גלו את קסמה של היבשת העתיקה: אדריכלות מרהיבה, אמנות מופתית וקולינריה מעודנת.",,2026-12-04,2026-12-11,8870.00,1726.66,18,6,Guaranteed,3,63,6,8
283,Discover Iceland,איסלנד: מסע בלתי נשכח,Explore the wonders of Iceland. An unforgettable journey awaits.,"גלו את קסמה של היבשת העתיקה: אדריכלות מרהיבה, אמנות מופתית וקולינריה מעודנת.",,2026-08-25,2026-09-22,10590.00,2614.78,20,15,Last Places,2,44,13,8
284,Discover Antarctica,חוויה של פעם בחיים באנטארקטיקה,Explore the wonders of Antarctica. An unforgettable journey awaits.,"מסע אל הקוטב הנצחי – קרחונים כחולים מרהיבים, פינגווינים באלפים וטבע קפוא בראשיתי.",,2026-12-12,2027-01-10,6610.00,1099.02,12,12,Open,1,95,19,8
285,Discover Iceland,פלאי איסלנד,Explore the wonders of Iceland. An unforgettable journey awaits.,מסע היסטורי מעמיק בין ערים עתיקות ואתרי מורשת עולמית.,,2026-04-10,2026-04-27,5290.00,1180.72,24,2,Last Places,2,44,11,8
286,Discover Russia,רוסיה – מסע חלומות,Explore the wonders of Russia. An unforgettable journey awaits.,מסע היסטורי מעמיק בין ערים עתיקות ואתרי מורשת עולמית.,,2026-11-19,2026-12-07,5210.00,809.40,18,6,Guaranteed,2,78,6,8
287,Discover Norway,נורבגיה המרתקת,Explore the wonders of Norway. An unforgettable journey awaits.,"מסע תרבותי מרתק בין ארמונות מפוארים, כנסיות גותיות ומוזיאונים עשירים.",,2026-05-14,2026-05-22,3010.00,569.76,24,15,Guaranteed,1,63,10,8
288,Discover Guatemala,מסע אל מעמקי גואטמלה,Explore the wonders of Guatemala. An unforgettable journey awaits.,"מסע אל הטבע הצפון-אמריקאי: בין יערות ירוקים, אגמים צלולים והרים מושלגים.",,2026-09-15,2026-09-26,3980.00,607.24,15,9,Guaranteed,2,81,20,9
289,Discover Belgium,סיור מעמיק בבלגיה,Explore the wonders of Belgium. An unforgettable journey awaits.,"מסע תרבותי מרתק בין ארמונות מפוארים, כנסיות גותיות ומוזיאונים עשירים.",,2026-05-28,2026-06-04,13140.00,2480.21,18,12,Last Places,1,115,22,9
290,Discover New Zealand,מסע אל מעמקי ניו זילנד,Explore the wonders of New Zealand. An unforgettable journey awaits.,"גלו את ניו זילנד הקסומה: פיורדים כחולים, הרים מושלגים וגייזרים מפעפעים.",,2027-03-17,2027-03-30,13550.00,2116.02,30,22,Open,1,34,8,9
291,Discover Azerbaijan,אוצרות אזרבייג'ן,Explore the wonders of Azerbaijan. An unforgettable journey awaits.,"מסע מעמיק אל הלב, הרוח, הטעמים והצבעים של תת-היבשת המרתקת.",,2026-05-09,2026-05-31,3240.00,758.42,30,16,Last Places,3,97,19,9
292,Discover Cambodia,קמבודיה: טבע ותרבות,Explore the wonders of Cambodia. An unforgettable journey awaits.,"מסע צבעוני בלב המזרח הקסום, בין טרסות אורז, כפרים מסורתיים ונופים עוצרי נשימה.",,2027-04-20,2027-05-17,2710.00,542.57,24,18,Open,3,11,13,9
293,Discover Senegal,סנגל: טבע ותרבות,Explore the wonders of Senegal. An unforgettable journey awaits.,"גלו את קסם המדבר האפריקאי, דיונות זהב אינסופיות ושקיעות עוצרות נשימה.",,2026-03-18,2026-03-24,10670.00,1684.12,25,13,Guaranteed,3,28,7,9
295,Discover Wales,מסע אל מעמקי וויילס,Explore the wonders of Wales. An unforgettable journey awaits.,"גלו את קסמה של היבשת העתיקה: אדריכלות מרהיבה, אמנות מופתית וקולינריה מעודנת.",,2026-03-29,2026-04-21,14040.00,2924.08,12,1,Last Places,3,54,5,9
296,Discover Albania,פלאי אלבניה,Explore the wonders of Albania. An unforgettable journey awaits.,מסע היסטורי מעמיק בין ערים עתיקות ואתרי מורשת עולמית.,,2026-09-18,2026-10-11,14470.00,2855.00,15,8,Last Places,1,50,21,9
297,Discover Bosnia and Herzegovina,חוויה של פעם בחיים בבוסניה והרצגובינה,Explore the wonders of Bosnia and Herzegovina. An unforgettable journey awaits.,"גלו את קסמה של היבשת העתיקה: אדריכלות מרהיבה, אמנות מופתית וקולינריה מעודנת.",,2027-01-01,2027-01-13,3000.00,673.72,18,11,Guaranteed,2,114,11,9
298,Discover Armenia,פלאי ארמניה,Explore the wonders of Armenia. An unforgettable journey awaits.,מסע היסטורי מעמיק בין ערים עתיקות ואתרי מורשת עולמית.,,2026-03-22,2026-04-05,11070.00,2517.35,18,8,Open,2,112,8,9
299,Discover Turkey,טורקיה: טבע ותרבות,Explore the wonders of Turkey. An unforgettable journey awaits.,"מסע תרבותי מרתק בין ארמונות מפוארים, כנסיות גותיות ומוזיאונים עשירים.",,2027-04-25,2027-05-13,11920.00,2693.32,30,11,Guaranteed,3,57,7,9
300,Discover Kenya,הקסם של קניה,Explore the wonders of Kenya. An unforgettable journey awaits.,"חוויה אפריקאית אמיתית: בין סוואנות אינסופיות, חיות בר מרהיבות ותרבויות שבטיות עתיקות.",,2027-03-24,2027-04-14,13640.00,2085.49,15,6,Guaranteed,1,18,25,9
301,Discover Brazil,הקסם של ברזיל,Explore the wonders of Brazil. An unforgettable journey awaits.,"הרפתקה של פעם בחיים ביבשת הססגונית – טבע פראי, תרבויות מרתקות וערים תוססות.",,2026-06-02,2026-06-18,11500.00,2305.90,25,3,Last Places,3,91,7,9
302,Discover Rwanda,רואנדה – מסע חלומות,Explore the wonders of Rwanda. An unforgettable journey awaits.,"גלו את קסם המדבר האפריקאי, דיונות זהב אינסופיות ושקיעות עוצרות נשימה.",,2026-11-09,2026-12-01,9160.00,1689.33,30,28,Open,2,23,16,9
303,Discover Vietnam,אוצרות וייטנם,Explore the wonders of Vietnam. An unforgettable journey awaits.,"מסע צבעוני בלב המזרח הקסום, בין טרסות אורז, כפרים מסורתיים ונופים עוצרי נשימה.",,2026-02-07,2026-02-17,13710.00,3125.65,15,7,Open,1,4,13,9
304,Discover Canary Islands,גלה את איים הקנריים,Explore the wonders of Canary Islands. An unforgettable journey awaits.,"גלו את קסמה של היבשת העתיקה: אדריכלות מרהיבה, אמנות מופתית וקולינריה מעודנת.",,2027-05-23,2027-06-21,2180.00,430.35,15,5,Open,1,111,25,9
305,Discover Belgium,פלאי בלגיה,Explore the wonders of Belgium. An unforgettable journey awaits.,"גלו את קסמה של היבשת העתיקה: אדריכלות מרהיבה, אמנות מופתית וקולינריה מעודנת.",,2027-03-25,2027-04-10,11400.00,1997.28,20,9,Open,3,115,13,9
306,Discover Cuba,מסע אל מעמקי קובה,Explore the wonders of Cuba. An unforgettable journey awaits.,"מסע אל הטבע הצפון-אמריקאי: בין יערות ירוקים, אגמים צלולים והרים מושלגים.",,2026-10-27,2026-11-21,14160.00,2986.41,18,3,Last Places,2,85,12,9
307,Discover New Zealand,הקסם של ניו זילנד,Explore the wonders of New Zealand. An unforgettable journey awaits.,"גלו את ניו זילנד הקסומה: פיורדים כחולים, הרים מושלגים וגייזרים מפעפעים.",,2027-01-12,2027-02-06,8110.00,1369.26,24,24,Open,1,34,21,9
308,Discover Chile,הקסם של צ'ילה,Explore the wonders of Chile. An unforgettable journey awaits.,טרק מרגש בין פסגות האנדים המושלגות ושרידי תרבות האינקה העתיקה.,,2026-12-14,2027-01-03,8050.00,1416.34,20,12,Last Places,3,93,1,9
309,Discover Chile,צ'ילה: טבע ותרבות,Explore the wonders of Chile. An unforgettable journey awaits.,טרק מרגש בין פסגות האנדים המושלגות ושרידי תרבות האינקה העתיקה.,,2026-05-06,2026-06-01,12940.00,2766.98,20,11,Open,2,93,23,9
310,Discover Malta,גלה את מלטה,Explore the wonders of Malta. An unforgettable journey awaits.,"גלו את קסמה של היבשת העתיקה: אדריכלות מרהיבה, אמנות מופתית וקולינריה מעודנת.",,2027-01-27,2027-02-09,13440.00,3041.36,15,10,Open,1,61,5,9
311,Discover Wales,הקסם של וויילס,Explore the wonders of Wales. An unforgettable journey awaits.,מסע היסטורי מעמיק בין ערים עתיקות ואתרי מורשת עולמית.,,2026-07-22,2026-08-04,13990.00,2509.88,30,3,Last Places,2,54,11,9
312,Discover Bosnia and Herzegovina,בוסניה והרצגובינה: טבע ותרבות,Explore the wonders of Bosnia and Herzegovina. An unforgettable journey awaits.,"מסע תרבותי מרתק בין ארמונות מפוארים, כנסיות גותיות ומוזיאונים עשירים.",,2026-09-26,2026-10-04,9810.00,1991.27,20,1,Last Places,1,114,7,9
313,Discover Tanzania,טנזניה המרתקת,Explore the wonders of Tanzania. An unforgettable journey awaits.,"גלו את קסם המדבר האפריקאי, דיונות זהב אינסופיות ושקיעות עוצרות נשימה.",,2027-03-30,2027-04-26,5690.00,1296.72,20,10,Open,1,19,11,9
314,Discover Latvia,לטביה: טבע ותרבות,Explore the wonders of Latvia. An unforgettable journey awaits.,מסע היסטורי מעמיק בין ערים עתיקות ואתרי מורשת עולמית.,,2026-04-30,2026-05-29,5450.00,1131.57,15,15,Open,1,58,9,9
315,Discover Georgia,גיאורגיה: מסע בלתי נשכח,Explore the wonders of Georgia. An unforgettable journey awaits.,"מסע תרבותי מרתק בין ארמונות מפוארים, כנסיות גותיות ומוזיאונים עשירים.",,2026-07-28,2026-08-02,2770.00,563.36,25,11,Guaranteed,2,55,16,9
316,Discover Guatemala,חוויה של פעם בחיים בגואטמלה,Explore the wonders of Guatemala. An unforgettable journey awaits.,"גלו את יופי המערב הפראי: קניונים אדומים, נופים אינסופיים ופארקים לאומיים מרהיבים.",,2026-05-20,2026-06-01,9050.00,1639.94,12,6,Open,3,81,24,9
317,Discover Vanuatu,ונואטו המרתקת,Explore the wonders of Vanuatu. An unforgettable journey awaits.,"מסע אל קצה העולם – טבע בראשיתי, נופים דרמטיים ועולם חי נדיר.",,2026-09-03,2026-10-01,12650.00,2651.91,18,13,Open,1,39,10,9
318,Discover Mont Blanc,פלאי מון בלאן,Explore the wonders of Mont Blanc. An unforgettable journey awaits.,מסע היסטורי מעמיק בין ערים עתיקות ואתרי מורשת עולמית.,,2026-01-22,2026-02-03,6590.00,1467.70,15,6,Open,1,122,13,9
319,Discover Scotland,הקסם של סקוטלנד,Explore the wonders of Scotland. An unforgettable journey awaits.,מסע היסטורי מעמיק בין ערים עתיקות ואתרי מורשת עולמית.,,2026-12-12,2027-01-11,2760.00,517.55,25,8,Open,3,47,23,9
320,Discover Panama,חוויה של פעם בחיים בפנמה,Explore the wonders of Panama. An unforgettable journey awaits.,"מסע אל הטבע הצפון-אמריקאי: בין יערות ירוקים, אגמים צלולים והרים מושלגים.",,2026-02-06,2026-03-05,4370.00,837.63,20,3,Last Places,3,84,1,9
321,Discover Ecuador,פלאי אקוודור,Explore the wonders of Ecuador. An unforgettable journey awaits.,טרק מרגש בין פסגות האנדים המושלגות ושרידי תרבות האינקה העתיקה.,,2026-01-17,2026-01-31,10610.00,2293.53,25,16,Last Places,3,88,21,9
322,Discover North Korea,סיור מעמיק בצפון קוריאה,Explore the wonders of North Korea. An unforgettable journey awaits.,"מסע צבעוני בלב המזרח הקסום, בין טרסות אורז, כפרים מסורתיים ונופים עוצרי נשימה.",,2026-10-01,2026-10-29,14650.00,2369.98,12,12,Open,1,107,4,9
323,Discover Botswana,סיור מעמיק בבוטסואנה,Explore the wonders of Botswana. An unforgettable journey awaits.,"חוויה אפריקאית אמיתית: בין סוואנות אינסופיות, חיות בר מרהיבות ותרבויות שבטיות עתיקות.",,2027-01-08,2027-01-26,8040.00,1334.94,24,15,Guaranteed,3,26,12,9
324,Discover Japan,מסע אל מעמקי יפן,Explore the wonders of Japan. An unforgettable journey awaits.,גלו את קסמה של תרבות עתיקה ששרדה אלפי שנים. בין מקדשים מפוארים וטבע בראשיתי.,,2026-02-27,2026-03-07,13750.00,2982.41,15,2,Last Places,3,2,22,9
325,Discover Ethiopia,חוויה של פעם בחיים באתיופיה,Explore the wonders of Ethiopia. An unforgettable journey awaits.,"חוויה אפריקאית אמיתית: בין סוואנות אינסופיות, חיות בר מרהיבות ותרבויות שבטיות עתיקות.",,2027-06-03,2027-06-17,7400.00,1453.57,12,2,Last Places,1,30,15,9
326,Discover Myanmar,מיאנמר המרתקת,Explore the wonders of Myanmar. An unforgettable journey awaits.,"מסע מעמיק אל הלב, הרוח, הטעמים והצבעים של תת-היבשת המרתקת.",,2027-04-13,2027-04-19,2190.00,515.09,25,20,Open,1,13,25,9
327,Discover Bulgaria,הרפתקה בבולגריה,Explore the wonders of Bulgaria. An unforgettable journey awaits.,מסע היסטורי מעמיק בין ערים עתיקות ואתרי מורשת עולמית.,,2026-03-01,2026-03-17,9010.00,1516.27,20,12,Last Places,2,113,24,9
328,Discover South Africa,מסע אל מעמקי דרום אפריקה,Explore the wonders of South Africa. An unforgettable journey awaits.,"חוויה אפריקאית אמיתית: בין סוואנות אינסופיות, חיות בר מרהיבות ותרבויות שבטיות עתיקות.",,2099-12-31,2099-12-31,3200.00,794.10,0,0,Open,1,17,23,10
329,Discover Zimbabwe,הקסם של זימבבואה,Explore the wonders of Zimbabwe. An unforgettable journey awaits.,"גלו את קסם המדבר האפריקאי, דיונות זהב אינסופיות ושקיעות עוצרות נשימה.",,2099-12-31,2099-12-31,9770.00,2226.74,0,0,Open,3,24,20,10
330,Discover Mongolia,אוצרות מונגוליה,Explore the wonders of Mongolia. An unforgettable journey awaits.,"מסע מעמיק אל הלב, הרוח, הטעמים והצבעים של תת-היבשת המרתקת.",,2099-12-31,2099-12-31,11020.00,1703.66,0,0,Open,2,15,14,10
331,Discover Hong Kong,אוצרות הונג קונג,Explore the wonders of Hong Kong. An unforgettable journey awaits.,"מסע מעמיק אל הלב, הרוח, הטעמים והצבעים של תת-היבשת המרתקת.",,2099-12-31,2099-12-31,13800.00,3068.81,0,0,Open,1,99,24,10
332,Discover Cuba,אוצרות קובה,Explore the wonders of Cuba. An unforgettable journey awaits.,"טרופי קריבי: חופים לבנים, מים טורקיז ושונית אלמוגים צבעונית.",,2099-12-31,2099-12-31,7090.00,1405.19,0,0,Open,3,85,24,10
333,Discover Japan,סיור מעמיק ביפן,Explore the wonders of Japan. An unforgettable journey awaits.,"מסע צבעוני בלב המזרח הקסום, בין טרסות אורז, כפרים מסורתיים ונופים עוצרי נשימה.",,2099-12-31,2099-12-31,5210.00,1044.90,0,0,Open,2,2,21,10
334,Discover Italy,איטליה: מסע בלתי נשכח,Explore the wonders of Italy. An unforgettable journey awaits.,"מסע תרבותי מרתק בין ארמונות מפוארים, כנסיות גותיות ומוזיאונים עשירים.",,2099-12-31,2099-12-31,8770.00,2166.32,0,0,Open,1,42,8,10
335,Discover Cambodia,מסע אל מעמקי קמבודיה,Explore the wonders of Cambodia. An unforgettable journey awaits.,"מסע מעמיק אל הלב, הרוח, הטעמים והצבעים של תת-היבשת המרתקת.",,2099-12-31,2099-12-31,11090.00,2552.10,0,0,Open,2,11,15,10
336,Discover Sicily,הקסם של סיציליה,Explore the wonders of Sicily. An unforgettable journey awaits.,מסע היסטורי מעמיק בין ערים עתיקות ואתרי מורשת עולמית.,,2099-12-31,2099-12-31,2360.00,378.22,0,0,Open,2,64,24,10
337,Discover United States,גלה את ארצות הברית,Explore the wonders of United States. An unforgettable journey awaits.,"טרופי קריבי: חופים לבנים, מים טורקיז ושונית אלמוגים צבעונית.",,2099-12-31,2099-12-31,8230.00,1967.06,0,0,Open,3,80,21,10
338,Discover Oman,עומאן: מסע בלתי נשכח,Explore the wonders of Oman. An unforgettable journey awaits.,גלו את קסמה של תרבות עתיקה ששרדה אלפי שנים. בין מקדשים מפוארים וטבע בראשיתי.,,2099-12-31,2099-12-31,6560.00,1537.87,0,0,Open,2,106,2,10
339,Discover Latvia,הקסם של לטביה,Explore the wonders of Latvia. An unforgettable journey awaits.,"גלו את קסמה של היבשת העתיקה: אדריכלות מרהיבה, אמנות מופתית וקולינריה מעודנת.",,2099-12-31,2099-12-31,3990.00,901.47,0,0,Open,1,58,4,10
340,Discover Bolivia,בוליביה: טבע ותרבות,Explore the wonders of Bolivia. An unforgettable journey awaits.,טרק מרגש בין פסגות האנדים המושלגות ושרידי תרבות האינקה העתיקה.,,2099-12-31,2099-12-31,2930.00,702.28,0,0,Open,2,90,4,10
341,Discover Switzerland,גלה את שוויץ,Explore the wonders of Switzerland. An unforgettable journey awaits.,"גלו את קסמה של היבשת העתיקה: אדריכלות מרהיבה, אמנות מופתית וקולינריה מעודנת.",,2099-12-31,2099-12-31,5840.00,946.52,0,0,Open,2,79,7,10
342,Discover Philippines,אוצרות פיליפינים,Explore the wonders of Philippines. An unforgettable journey awaits.,גלו את קסמה של תרבות עתיקה ששרדה אלפי שנים. בין מקדשים מפוארים וטבע בראשיתי.,,2099-12-31,2099-12-31,10480.00,1620.73,0,0,Open,3,14,25,10
343,Discover Lithuania,סיור מעמיק בליטא,Explore the wonders of Lithuania. An unforgettable journey awaits.,"מסע תרבותי מרתק בין ארמונות מפוארים, כנסיות גותיות ומוזיאונים עשירים.",,2099-12-31,2099-12-31,14060.00,3453.40,0,0,Open,1,59,22,10
344,Discover Macedonia,מקדוניה – מסע חלומות,Explore the wonders of Macedonia. An unforgettable journey awaits.,"מסע תרבותי מרתק בין ארמונות מפוארים, כנסיות גותיות ומוזיאונים עשירים.",,2099-12-31,2099-12-31,5620.00,1231.80,0,0,Open,1,62,17,10
345,Discover Cuba,הרפתקה בקובה,Explore the wonders of Cuba. An unforgettable journey awaits.,"מסע אל הטבע הצפון-אמריקאי: בין יערות ירוקים, אגמים צלולים והרים מושלגים.",,2099-12-31,2099-12-31,14410.00,3433.46,0,0,Open,3,85,20,10
346,Discover Iceland,הרפתקה באיסלנד,Explore the wonders of Iceland. An unforgettable journey awaits.,מסע היסטורי מעמיק בין ערים עתיקות ואתרי מורשת עולמית.,,2099-12-31,2099-12-31,11270.00,2597.51,0,0,Open,1,44,10,10
347,Discover Poland,גלה את פולין,Explore the wonders of Poland. An unforgettable journey awaits.,מסע היסטורי מעמיק בין ערים עתיקות ואתרי מורשת עולמית.,,2099-12-31,2099-12-31,13330.00,2842.73,0,0,Open,1,71,11,10
348,Discover South Africa,אוצרות דרום אפריקה,Explore the wonders of South Africa. An unforgettable journey awaits.,"חוויה אפריקאית אמיתית: בין סוואנות אינסופיות, חיות בר מרהיבות ותרבויות שבטיות עתיקות.",,2099-12-31,2099-12-31,5640.00,1130.20,0,0,Open,3,17,23,10
349,Discover Corsica,חוויה של פעם בחיים בקורסיקה,Explore the wonders of Corsica. An unforgettable journey awaits.,"גלו את קסמה של היבשת העתיקה: אדריכלות מרהיבה, אמנות מופתית וקולינריה מעודנת.",,2099-12-31,2099-12-31,10540.00,2291.65,0,0,Open,3,75,19,10
350,Discover Philippines,הקסם של פיליפינים,Explore the wonders of Philippines. An unforgettable journey awaits.,"מסע צבעוני בלב המזרח הקסום, בין טרסות אורז, כפרים מסורתיים ונופים עוצרי נשימה.",,2099-12-31,2099-12-31,9800.00,1612.42,0,0,Open,3,14,1,10
351,Discover Ecuador,חוויה של פעם בחיים באקוודור,Explore the wonders of Ecuador. An unforgettable journey awaits.,"הרפתקה של פעם בחיים ביבשת הססגונית – טבע פראי, תרבויות מרתקות וערים תוססות.",,2099-12-31,2099-12-31,4990.00,1167.35,0,0,Open,3,88,9,10
352,Discover Philippines,אוצרות פיליפינים,Explore the wonders of Philippines. An unforgettable journey awaits.,גלו את קסמה של תרבות עתיקה ששרדה אלפי שנים. בין מקדשים מפוארים וטבע בראשיתי.,,2099-12-31,2099-12-31,13500.00,3192.54,0,0,Open,3,14,20,10
353,Discover Argentina,הרפתקה בארגנטינה,Explore the wonders of Argentina. An unforgettable journey awaits.,טרק מרגש בין פסגות האנדים המושלגות ושרידי תרבות האינקה העתיקה.,,2099-12-31,2099-12-31,2960.00,718.24,0,0,Open,2,89,22,10
354,Discover Japan,גלה את יפן,Explore the wonders of Japan. An unforgettable journey awaits.,גלו את קסמה של תרבות עתיקה ששרדה אלפי שנים. בין מקדשים מפוארים וטבע בראשיתי.,,2099-12-31,2099-12-31,7140.00,1216.00,0,0,Open,2,2,24,10
355,Discover Namibia,מסע אל מעמקי נמיביה,Explore the wonders of Namibia. An unforgettable journey awaits.,"מסע אל הלב הפועם של היבשת הפראית. ספארי מרהיב, שקיעות אדומות ועולם חי עשיר.",,2099-12-31,2099-12-31,11190.00,1877.04,0,0,Open,3,25,10,10
356,Discover Austria,אוסטריה: טבע ותרבות,Explore the wonders of Austria. An unforgettable journey awaits.,"מסע תרבותי מרתק בין ארמונות מפוארים, כנסיות גותיות ומוזיאונים עשירים.",,2099-12-31,2099-12-31,10770.00,1916.10,0,0,Open,2,49,2,10
357,Discover Montenegro,פלאי מונטנגרו,Explore the wonders of Montenegro. An unforgettable journey awaits.,"מסע תרבותי מרתק בין ארמונות מפוארים, כנסיות גותיות ומוזיאונים עשירים.",,2099-12-31,2099-12-31,5170.00,796.15,0,0,Open,2,60,23,10
358,Discover Tibet,טיבט המרתקת,Explore the wonders of Tibet. An unforgettable journey awaits.,גלו את קסמה של תרבות עתיקה ששרדה אלפי שנים. בין מקדשים מפוארים וטבע בראשיתי.,,2099-12-31,2099-12-31,13260.00,2463.82,0,0,Open,3,102,19,10
359,Discover South Korea,אוצרות דרום קוריאה,Explore the wonders of South Korea. An unforgettable journey awaits.,"מסע מעמיק אל הלב, הרוח, הטעמים והצבעים של תת-היבשת המרתקת.",,2026-04-04,2026-04-22,13120.00,2672.59,12,5,Guaranteed,1,6,17,1
360,Discover Indonesia,הקסם של אינדונזיה,Explore the wonders of Indonesia. An unforgettable journey awaits.,"מסע צבעוני בלב המזרח הקסום, בין טרסות אורז, כפרים מסורתיים ונופים עוצרי נשימה.",,2026-11-25,2026-12-16,11720.00,2926.05,30,24,Open,3,7,25,6
361,Discover Bhutan,בהוטן – מסע חלומות,Explore the wonders of Bhutan. An unforgettable journey awaits.,"מסע מעמיק אל הלב, הרוח, הטעמים והצבעים של תת-היבשת המרתקת.",,2026-12-28,2027-01-12,9810.00,2370.03,12,6,Last Places,3,16,2,6
362,Discover Egypt,מסע אל מעמקי מצרים,Explore the wonders of Egypt. An unforgettable journey awaits.,"מסע אל הלב הפועם של היבשת הפראית. ספארי מרהיב, שקיעות אדומות ועולם חי עשיר.",,2027-02-28,2027-03-21,11120.00,2209.33,18,6,Last Places,3,21,17,9
363,Discover Madagascar,מדגסקר: מסע בלתי נשכח,Explore the wonders of Madagascar. An unforgettable journey awaits.,"גלו את קסם המדבר האפריקאי, דיונות זהב אינסופיות ושקיעות עוצרות נשימה.",,2026-12-22,2027-01-16,6360.00,1504.11,20,3,Last Places,1,31,7,1
364,Discover Fiji,חוויה של פעם בחיים בפיג'י,Explore the wonders of Fiji. An unforgettable journey awaits.,"גלו את ניו זילנד הקסומה: פיורדים כחולים, הרים מושלגים וגייזרים מפעפעים.",,2026-09-05,2026-10-02,8790.00,1351.80,12,0,Full,1,35,1,6
365,Discover Tahiti,אוצרות טהיטי,Explore the wonders of Tahiti. An unforgettable journey awaits.,מסע חד פעמי בין איים וחלומות – שייט מרהיב לגן העדן הטרופי.,,2026-08-09,2026-08-26,11230.00,2392.23,20,10,Guaranteed,2,37,9,6
366,Discover Cook Islands,חוויה של פעם בחיים באיי קוק,Explore the wonders of Cook Islands. An unforgettable journey awaits.,"גלו את ניו זילנד הקסומה: פיורדים כחולים, הרים מושלגים וגייזרים מפעפעים.",,2027-03-23,2027-03-30,9320.00,2262.94,12,4,Last Places,3,41,23,1
367,Discover Ireland,סיור מעמיק באירלנד,Explore the wonders of Ireland. An unforgettable journey awaits.,"מסע תרבותי מרתק בין ארמונות מפוארים, כנסיות גותיות ומוזיאונים עשירים.",,2099-12-31,2099-12-31,10090.00,2343.02,0,0,Open,1,45,13,10
368,Discover England,חוויה של פעם בחיים באנגליה,Explore the wonders of England. An unforgettable journey awaits.,מסע היסטורי מעמיק בין ערים עתיקות ואתרי מורשת עולמית.,,2099-12-31,2099-12-31,8040.00,1977.95,0,0,Open,1,46,18,10
369,Discover Estonia,גלה את אסטוניה,Explore the wonders of Estonia. An unforgettable journey awaits.,מסע היסטורי מעמיק בין ערים עתיקות ואתרי מורשת עולמית.,,2026-02-03,2026-02-08,13720.00,2876.61,24,17,Guaranteed,2,48,4,6
370,Discover Germany,אוצרות גרמניה,Explore the wonders of Germany. An unforgettable journey awaits.,מסע היסטורי מעמיק בין ערים עתיקות ואתרי מורשת עולמית.,,2026-04-17,2026-04-29,14630.00,3415.74,15,3,Last Places,1,51,6,6
371,Discover Denmark,מסע אל מעמקי דנמרק,Explore the wonders of Denmark. An unforgettable journey awaits.,"גלו את קסמה של היבשת העתיקה: אדריכלות מרהיבה, אמנות מופתית וקולינריה מעודנת.",,2099-12-31,2099-12-31,13250.00,2084.42,0,0,Open,3,56,21,10
372,Discover Sardinia,גלה את סרדיניה,Explore the wonders of Sardinia. An unforgettable journey awaits.,"מסע תרבותי מרתק בין ארמונות מפוארים, כנסיות גותיות ומוזיאונים עשירים.",,2099-12-31,2099-12-31,9310.00,1515.87,0,0,Open,3,70,11,10
373,Discover Portugal,פלאי פורטוגל,Explore the wonders of Portugal. An unforgettable journey awaits.,מסע היסטורי מעמיק בין ערים עתיקות ואתרי מורשת עולמית.,,2026-09-18,2026-10-07,8720.00,1845.45,18,18,Open,1,72,11,6
374,Discover Czech Republic,צ'כיה: טבע ותרבות,Explore the wonders of Czech Republic. An unforgettable journey awaits.,מסע היסטורי מעמיק בין ערים עתיקות ואתרי מורשת עולמית.,,2026-06-22,2026-07-04,6530.00,1444.57,25,13,Last Places,2,73,1,6
375,Discover France,צרפת: טבע ותרבות,Explore the wonders of France. An unforgettable journey awaits.,מסע היסטורי מעמיק בין ערים עתיקות ואתרי מורשת עולמית.,,2099-12-31,2099-12-31,8250.00,1639.25,0,0,Open,1,74,12,10
376,Discover Hawaii,פלאי הוואי,Explore the wonders of Hawaii. An unforgettable journey awaits.,"טרופי קריבי: חופים לבנים, מים טורקיז ושונית אלמוגים צבעונית.",,2027-01-23,2027-02-17,3560.00,792.96,12,8,Open,1,82,9,6
377,Discover Uzbekistan,הרפתקה באוזבקיסטן,Explore the wonders of Uzbekistan. An unforgettable journey awaits.,"מסע צבעוני בלב המזרח הקסום, בין טרסות אורז, כפרים מסורתיים ונופים עוצרי נשימה.",,2026-05-26,2026-06-17,13050.00,2573.60,30,4,Last Places,2,96,18,1
378,Discover Taiwan,אוצרות טאיוואן,Explore the wonders of Taiwan. An unforgettable journey awaits.,"מסע צבעוני בלב המזרח הקסום, בין טרסות אורז, כפרים מסורתיים ונופים עוצרי נשימה.",,2026-07-18,2026-08-08,2210.00,477.95,30,30,Open,3,100,13,1
379,Discover Singapore,סיור מעמיק בסינגפור,Explore the wonders of Singapore. An unforgettable journey awaits.,"מסע צבעוני בלב המזרח הקסום, בין טרסות אורז, כפרים מסורתיים ונופים עוצרי נשימה.",,2027-05-13,2027-06-05,4990.00,1115.72,20,11,Guaranteed,1,105,19,6
380,Discover Ukraine,סיור מעמיק באוקראינה,Explore the wonders of Ukraine. An unforgettable journey awaits.,"מסע תרבותי מרתק בין ארמונות מפוארים, כנסיות גותיות ומוזיאונים עשירים.",,2026-02-03,2026-03-01,6230.00,1257.14,30,11,Last Places,2,109,8,9
381,Discover Azores,איים האזורים: מסע בלתי נשכח,Explore the wonders of Azores. An unforgettable journey awaits.,מסע היסטורי מעמיק בין ערים עתיקות ואתרי מורשת עולמית.,,2027-05-23,2027-06-13,14970.00,3487.48,30,23,Last Places,3,110,23,1
382,Discover Dagestan,דגסטאן: מסע בלתי נשכח,Explore the wonders of Dagestan. An unforgettable journey awaits.,"גלו את קסמה של היבשת העתיקה: אדריכלות מרהיבה, אמנות מופתית וקולינריה מעודנת.",,2099-12-31,2099-12-31,14030.00,3021.13,0,0,Open,1,117,12,10
